Notes,Year,Year Code,State,State Code,Ten-Year Age Groups,Ten-Year Age Groups Code,Deaths,Population,Crude Rate
,1999,1999,Alabama,01,55-64 years,55-64,874,410542,212.9
,1999,1999,Alaska,02,55-64 years,55-64,63,43341,145.4
,1999,1999,Arizona,04,55-64 years,55-64,832,427747,194.5
,1999,1999,Arkansas,05,55-64 years,55-64,548,251017,218.3
,1999,1999,California,06,55-64 years,55-64,4641,2543047,182.5
,1999,1999,Colorado,08,55-64 years,55-64,478,329046,145.3
,1999,1999,Connecticut,09,55-64 years,55-64,506,302459,167.3
,1999,1999,Delaware,10,55-64 years,55-64,130,69886,186.0
,1999,1999,District of Columbia,11,55-64 years,55-64,93,48709,190.9
,1999,1999,Florida,12,55-64 years,55-64,3008,1509450,199.3
,1999,1999,Georgia,13,55-64 years,55-64,1399,642834,217.6
,1999,1999,Hawaii,15,55-64 years,55-64,178,103642,171.7
,1999,1999,Idaho,16,55-64 years,55-64,170,104652,162.4
,1999,1999,Illinois,17,55-64 years,55-64,2274,1029288,220.9
,1999,1999,Indiana,18,55-64 years,55-64,1146,522962,219.1
,1999,1999,Iowa,19,55-64 years,55-64,475,255776,185.7
,1999,1999,Kansas,20,55-64 years,55-64,401,217720,184.2
,1999,1999,Kentucky,21,55-64 years,55-64,921,365988,251.6
,1999,1999,Louisiana,22,55-64 years,55-64,943,373236,252.7
,1999,1999,Maine,23,55-64 years,55-64,193,119812,161.1
,1999,1999,Maryland,24,55-64 years,55-64,927,458782,202.1
,1999,1999,Massachusetts,25,55-64 years,55-64,824,534483,154.2
,1999,1999,Michigan,26,55-64 years,55-64,2051,849844,241.3
,1999,1999,Minnesota,27,55-64 years,55-64,501,395829,126.6
,1999,1999,Mississippi,28,55-64 years,55-64,697,242369,287.6
,1999,1999,Missouri,29,55-64 years,55-64,1155,499269,231.3
,1999,1999,Montana,30,55-64 years,55-64,112,83236,134.6
,1999,1999,Nebraska,31,55-64 years,55-64,202,140276,144.0
,1999,1999,Nevada,32,55-64 years,55-64,408,181820,224.4
,1999,1999,New Hampshire,33,55-64 years,55-64,204,105806,192.8
,1999,1999,New Jersey,34,55-64 years,55-64,1261,741079,170.2
,1999,1999,New Mexico,35,55-64 years,55-64,260,155004,167.7
,1999,1999,New York,36,55-64 years,55-64,3679,1665039,221.0
,1999,1999,North Carolina,37,55-64 years,55-64,1573,709827,221.6
,1999,1999,North Dakota,38,55-64 years,55-64,115,53119,216.5
,1999,1999,Ohio,39,55-64 years,55-64,2283,1002437,227.7
,1999,1999,Oklahoma,40,55-64 years,55-64,863,311587,277.0
,1999,1999,Oregon,41,55-64 years,55-64,470,295963,158.8
,1999,1999,Pennsylvania,42,55-64 years,55-64,2316,1120735,206.7
,1999,1999,Rhode Island,44,55-64 years,55-64,172,86875,198.0
,1999,1999,South Carolina,45,55-64 years,55-64,891,363014,245.4
,1999,1999,South Dakota,46,55-64 years,55-64,112,61483,182.2
,1999,1999,Tennessee,47,55-64 years,55-64,1332,523680,254.4
,1999,1999,Texas,48,55-64 years,55-64,3331,1556665,214.0
,1999,1999,Utah,49,55-64 years,55-64,137,139586,98.1
,1999,1999,Vermont,50,55-64 years,55-64,80,55054,145.3
,1999,1999,Virginia,51,55-64 years,55-64,1089,614851,177.1
,1999,1999,Washington,53,55-64 years,55-64,764,482712,158.3
,1999,1999,West Virginia,54,55-64 years,55-64,466,182958,254.7
,1999,1999,Wisconsin,55,55-64 years,55-64,759,450254,168.6
,1999,1999,Wyoming,56,55-64 years,55-64,70,43236,161.9
,2000,2000,Alabama,01,55-64 years,55-64,861,415532,207.2
,2000,2000,Alaska,02,55-64 years,55-64,70,44750,156.4
,2000,2000,Arizona,04,55-64 years,55-64,774,442372,175.0
,2000,2000,Arkansas,05,55-64 years,55-64,617,256783,240.3
,2000,2000,California,06,55-64 years,55-64,4558,2614093,174.4
,2000,2000,Colorado,08,55-64 years,55-64,415,339307,122.3
,2000,2000,Connecticut,09,55-64 years,55-64,477,308613,154.6
,2000,2000,Delaware,10,55-64 years,55-64,156,71519,218.1
,2000,2000,District of Columbia,11,55-64 years,55-64,110,49783,221.0
,2000,2000,Florida,12,55-64 years,55-64,2896,1559013,185.8
,2000,2000,Georgia,13,55-64 years,55-64,1328,661456,200.8
,2000,2000,Hawaii,15,55-64 years,55-64,172,106961,160.8
,2000,2000,Idaho,16,55-64 years,55-64,178,107529,165.5
,2000,2000,Illinois,17,55-64 years,55-64,2114,1040633,203.1
,2000,2000,Indiana,18,55-64 years,55-64,1156,529844,218.2
,2000,2000,Iowa,19,55-64 years,55-64,477,257412,185.3
,2000,2000,Kansas,20,55-64 years,55-64,378,220253,171.6
,2000,2000,Kentucky,21,55-64 years,55-64,861,372595,231.1
,2000,2000,Louisiana,22,55-64 years,55-64,935,379048,246.7
,2000,2000,Maine,23,55-64 years,55-64,196,123187,159.1
,2000,2000,Maryland,24,55-64 years,55-64,883,470376,187.7
,2000,2000,Massachusetts,25,55-64 years,55-64,788,546407,144.2
,2000,2000,Michigan,26,55-64 years,55-64,2029,863039,235.1
,2000,2000,Minnesota,27,55-64 years,55-64,473,404869,116.8
,2000,2000,Mississippi,28,55-64 years,55-64,699,245823,284.4
,2000,2000,Missouri,29,55-64 years,55-64,1031,507398,203.2
,2000,2000,Montana,30,55-64 years,55-64,145,85119,170.3
,2000,2000,Nebraska,31,55-64 years,55-64,155,141540,109.5
,2000,2000,Nevada,32,55-64 years,55-64,390,190199,205.0
,2000,2000,New Hampshire,33,55-64 years,55-64,175,109659,159.6
,2000,2000,New Jersey,34,55-64 years,55-64,1346,753984,178.5
,2000,2000,New Mexico,35,55-64 years,55-64,241,158752,151.8
,2000,2000,New York,36,55-64 years,55-64,3549,1687987,210.3
,2000,2000,North Carolina,37,55-64 years,55-64,1579,723712,218.2
,2000,2000,North Dakota,38,55-64 years,55-64,96,53433,179.7
,2000,2000,Ohio,39,55-64 years,55-64,2258,1008906,223.8
,2000,2000,Oklahoma,40,55-64 years,55-64,896,316329,283.2
,2000,2000,Oregon,41,55-64 years,55-64,450,304388,147.8
,2000,2000,Pennsylvania,42,55-64 years,55-64,2259,1131625,199.6
,2000,2000,Rhode Island,44,55-64 years,55-64,163,88989,183.2
,2000,2000,South Carolina,45,55-64 years,55-64,898,372911,240.8
,2000,2000,South Dakota,46,55-64 years,55-64,102,62349,163.6
,2000,2000,Tennessee,47,55-64 years,55-64,1427,533251,267.6
,2000,2000,Texas,48,55-64 years,55-64,3490,1598190,218.4
,2000,2000,Utah,49,55-64 years,55-64,169,142508,118.6
,2000,2000,Vermont,50,55-64 years,55-64,82,56920,144.1
,2000,2000,Virginia,51,55-64 years,55-64,1139,631611,180.3
,2000,2000,Washington,53,55-64 years,55-64,777,496580,156.5
,2000,2000,West Virginia,54,55-64 years,55-64,477,184816,258.1
,2000,2000,Wisconsin,55,55-64 years,55-64,766,457741,167.3
,2000,2000,Wyoming,56,55-64 years,55-64,76,44590,170.4
,2001,2001,Alabama,01,55-64 years,55-64,834,425024,196.2
,2001,2001,Alaska,02,55-64 years,55-64,58,47643,121.7
,2001,2001,Arizona,04,55-64 years,55-64,800,464349,172.3
,2001,2001,Arkansas,05,55-64 years,55-64,633,262728,240.9
,2001,2001,California,06,55-64 years,55-64,4379,2728417,160.5
,2001,2001,Colorado,08,55-64 years,55-64,401,357994,112.0
,2001,2001,Connecticut,09,55-64 years,55-64,451,319614,141.1
,2001,2001,Delaware,10,55-64 years,55-64,152,74242,204.7
,2001,2001,District of Columbia,11,55-64 years,55-64,135,51090,264.2
,2001,2001,Florida,12,55-64 years,55-64,3014,1628075,185.1
,2001,2001,Georgia,13,55-64 years,55-64,1310,692052,189.3
,2001,2001,Hawaii,15,55-64 years,55-64,144,112826,127.6
,2001,2001,Idaho,16,55-64 years,55-64,159,112692,141.1
,2001,2001,Illinois,17,55-64 years,55-64,2098,1063657,197.2
,2001,2001,Indiana,18,55-64 years,55-64,1093,542610,201.4
,2001,2001,Iowa,19,55-64 years,55-64,453,262251,172.7
,2001,2001,Kansas,20,55-64 years,55-64,351,225990,155.3
,2001,2001,Kentucky,21,55-64 years,55-64,905,382298,236.7
,2001,2001,Louisiana,22,55-64 years,55-64,933,388603,240.1
,2001,2001,Maine,23,55-64 years,55-64,200,127562,156.8
,2001,2001,Maryland,24,55-64 years,55-64,880,488309,180.2
,2001,2001,Massachusetts,25,55-64 years,55-64,784,564678,138.8
,2001,2001,Michigan,26,55-64 years,55-64,1910,885690,215.7
,2001,2001,Minnesota,27,55-64 years,55-64,500,419324,119.2
,2001,2001,Mississippi,28,55-64 years,55-64,623,251411,247.8
,2001,2001,Missouri,29,55-64 years,55-64,1087,520334,208.9
,2001,2001,Montana,30,55-64 years,55-64,143,88135,162.3
,2001,2001,Nebraska,31,55-64 years,55-64,190,144935,131.1
,2001,2001,Nevada,32,55-64 years,55-64,448,203982,219.6
,2001,2001,New Hampshire,33,55-64 years,55-64,179,114338,156.6
,2001,2001,New Jersey,34,55-64 years,55-64,1228,777179,158.0
,2001,2001,New Mexico,35,55-64 years,55-64,255,164474,155.0
,2001,2001,New York,36,55-64 years,55-64,3408,1731539,196.8
,2001,2001,North Carolina,37,55-64 years,55-64,1478,752652,196.4
,2001,2001,North Dakota,38,55-64 years,55-64,98,54454,180.0
,2001,2001,Ohio,39,55-64 years,55-64,2159,1028082,210.0
,2001,2001,Oklahoma,40,55-64 years,55-64,821,323194,254.0
,2001,2001,Oregon,41,55-64 years,55-64,441,318978,138.3
,2001,2001,Pennsylvania,42,55-64 years,55-64,2134,1152727,185.1
,2001,2001,Rhode Island,44,55-64 years,55-64,178,92134,193.2
,2001,2001,South Carolina,45,55-64 years,55-64,800,387682,206.4
,2001,2001,South Dakota,46,55-64 years,55-64,115,63986,179.7
,2001,2001,Tennessee,47,55-64 years,55-64,1352,548525,246.5
,2001,2001,Texas,48,55-64 years,55-64,3430,1665762,205.9
,2001,2001,Utah,49,55-64 years,55-64,173,148851,116.2
,2001,2001,Vermont,50,55-64 years,55-64,70,59255,118.1
,2001,2001,Virginia,51,55-64 years,55-64,1109,658030,168.5
,2001,2001,Washington,53,55-64 years,55-64,782,521330,150.0
,2001,2001,West Virginia,54,55-64 years,55-64,453,188133,240.8
,2001,2001,Wisconsin,55,55-64 years,55-64,770,471454,163.3
,2001,2001,Wyoming,56,55-64 years,55-64,73,46021,158.6
,2002,2002,Alabama,01,55-64 years,55-64,850,447523,189.9
,2002,2002,Alaska,02,55-64 years,55-64,85,52428,162.1
,2002,2002,Arizona,04,55-64 years,55-64,842,496951,169.4
,2002,2002,Arkansas,05,55-64 years,55-64,672,276471,243.1
,2002,2002,California,06,55-64 years,55-64,4586,2909487,157.6
,2002,2002,Colorado,08,55-64 years,55-64,489,387560,126.2
,2002,2002,Connecticut,09,55-64 years,55-64,469,341014,137.5
,2002,2002,Delaware,10,55-64 years,55-64,121,79580,152.0
,2002,2002,District of Columbia,11,55-64 years,55-64,137,53562,255.8
,2002,2002,Florida,12,55-64 years,55-64,2938,1734211,169.4
,2002,2002,Georgia,13,55-64 years,55-64,1357,742675,182.7
,2002,2002,Hawaii,15,55-64 years,55-64,163,120150,135.7
,2002,2002,Idaho,16,55-64 years,55-64,184,120481,152.7
,2002,2002,Illinois,17,55-64 years,55-64,2121,1121108,189.2
,2002,2002,Indiana,18,55-64 years,55-64,1038,574351,180.7
,2002,2002,Iowa,19,55-64 years,55-64,442,275536,160.4
,2002,2002,Kansas,20,55-64 years,55-64,335,239555,139.8
,2002,2002,Kentucky,21,55-64 years,55-64,842,405555,207.6
,2002,2002,Louisiana,22,55-64 years,55-64,940,410797,228.8
,2002,2002,Maine,23,55-64 years,55-64,203,136668,148.5
,2002,2002,Maryland,24,55-64 years,55-64,903,522424,172.8
,2002,2002,Massachusetts,25,55-64 years,55-64,808,602113,134.2
,2002,2002,Michigan,26,55-64 years,55-64,1918,939378,204.2
,2002,2002,Minnesota,27,55-64 years,55-64,444,445928,99.6
,2002,2002,Mississippi,28,55-64 years,55-64,701,265001,264.5
,2002,2002,Missouri,29,55-64 years,55-64,1111,549240,202.3
,2002,2002,Montana,30,55-64 years,55-64,151,93830,160.9
,2002,2002,Nebraska,31,55-64 years,55-64,210,152607,137.6
,2002,2002,Nevada,32,55-64 years,55-64,398,222218,179.1
,2002,2002,New Hampshire,33,55-64 years,55-64,182,123874,146.9
,2002,2002,New Jersey,34,55-64 years,55-64,1238,823026,150.4
,2002,2002,New Mexico,35,55-64 years,55-64,281,175716,159.9
,2002,2002,New York,36,55-64 years,55-64,3421,1821153,187.8
,2002,2002,North Carolina,37,55-64 years,55-64,1504,805084,186.8
,2002,2002,North Dakota,38,55-64 years,55-64,97,57007,170.2
,2002,2002,Ohio,39,55-64 years,55-64,2188,1088895,200.9
,2002,2002,Oklahoma,40,55-64 years,55-64,978,340815,287.0
,2002,2002,Oregon,41,55-64 years,55-64,468,345146,135.6
,2002,2002,Pennsylvania,42,55-64 years,55-64,2142,1219528,175.6
,2002,2002,Rhode Island,44,55-64 years,55-64,206,98687,208.7
,2002,2002,South Carolina,45,55-64 years,55-64,837,414059,202.1
,2002,2002,South Dakota,46,55-64 years,55-64,91,67263,135.3
,2002,2002,Tennessee,47,55-64 years,55-64,1415,583586,242.5
,2002,2002,Texas,48,55-64 years,55-64,3389,1779656,190.4
,2002,2002,Utah,49,55-64 years,55-64,140,159100,88.0
,2002,2002,Vermont,50,55-64 years,55-64,82,63642,128.8
,2002,2002,Virginia,51,55-64 years,55-64,1091,705917,154.6
,2002,2002,Washington,53,55-64 years,55-64,840,564617,148.8
,2002,2002,West Virginia,54,55-64 years,55-64,400,198874,201.1
,2002,2002,Wisconsin,55,55-64 years,55-64,746,499877,149.2
,2002,2002,Wyoming,56,55-64 years,55-64,68,49408,137.6
,2003,2003,Alabama,01,55-64 years,55-64,785,465670,168.6
,2003,2003,Alaska,02,55-64 years,55-64,64,56268,113.7
,2003,2003,Arizona,04,55-64 years,55-64,820,527386,155.5
,2003,2003,Arkansas,05,55-64 years,55-64,632,286595,220.5
,2003,2003,California,06,55-64 years,55-64,4666,3062563,152.4
,2003,2003,Colorado,08,55-64 years,55-64,454,413675,109.7
,2003,2003,Connecticut,09,55-64 years,55-64,462,356867,129.5
,2003,2003,Delaware,10,55-64 years,55-64,129,84166,153.3
,2003,2003,District of Columbia,11,55-64 years,55-64,141,55081,256.0
,2003,2003,Florida,12,55-64 years,55-64,2984,1825070,163.5
,2003,2003,Georgia,13,55-64 years,55-64,1400,787342,177.8
,2003,2003,Hawaii,15,55-64 years,55-64,152,127779,119.0
,2003,2003,Idaho,16,55-64 years,55-64,190,127910,148.5
,2003,2003,Illinois,17,55-64 years,55-64,2036,1164884,174.8
,2003,2003,Indiana,18,55-64 years,55-64,1091,598272,182.4
,2003,2003,Iowa,19,55-64 years,55-64,490,286451,171.1
,2003,2003,Kansas,20,55-64 years,55-64,376,250711,150.0
,2003,2003,Kentucky,21,55-64 years,55-64,923,423593,217.9
,2003,2003,Louisiana,22,55-64 years,55-64,994,429397,231.5
,2003,2003,Maine,23,55-64 years,55-64,185,144561,128.0
,2003,2003,Maryland,24,55-64 years,55-64,908,549132,165.4
,2003,2003,Massachusetts,25,55-64 years,55-64,832,630522,132.0
,2003,2003,Michigan,26,55-64 years,55-64,1978,981919,201.4
,2003,2003,Minnesota,27,55-64 years,55-64,442,467572,94.5
,2003,2003,Mississippi,28,55-64 years,55-64,633,275436,229.8
,2003,2003,Missouri,29,55-64 years,55-64,1071,571811,187.3
,2003,2003,Montana,30,55-64 years,55-64,139,98903,140.5
,2003,2003,Nebraska,31,55-64 years,55-64,177,159323,111.1
,2003,2003,Nevada,32,55-64 years,55-64,417,237753,175.4
,2003,2003,New Hampshire,33,55-64 years,55-64,192,132028,145.4
,2003,2003,New Jersey,34,55-64 years,55-64,1212,856564,141.5
,2003,2003,New Mexico,35,55-64 years,55-64,236,185465,127.2
,2003,2003,New York,36,55-64 years,55-64,3422,1888829,181.2
,2003,2003,North Carolina,37,55-64 years,55-64,1566,850994,184.0
,2003,2003,North Dakota,38,55-64 years,55-64,101,59292,170.3
,2003,2003,Ohio,39,55-64 years,55-64,2111,1134752,186.0
,2003,2003,Oklahoma,40,55-64 years,55-64,964,353939,272.4
,2003,2003,Oregon,41,55-64 years,55-64,517,366967,140.9
,2003,2003,Pennsylvania,42,55-64 years,55-64,2094,1272073,164.6
,2003,2003,Rhode Island,44,55-64 years,55-64,173,103626,166.9
,2003,2003,South Carolina,45,55-64 years,55-64,853,436968,195.2
,2003,2003,South Dakota,46,55-64 years,55-64,121,70504,171.6
,2003,2003,Tennessee,47,55-64 years,55-64,1459,611333,238.7
,2003,2003,Texas,48,55-64 years,55-64,3317,1877300,176.7
,2003,2003,Utah,49,55-64 years,55-64,167,168065,99.4
,2003,2003,Vermont,50,55-64 years,55-64,90,67438,133.5
,2003,2003,Virginia,51,55-64 years,55-64,1086,743980,146.0
,2003,2003,Washington,53,55-64 years,55-64,840,599307,140.2
,2003,2003,West Virginia,54,55-64 years,55-64,478,207416,230.5
,2003,2003,Wisconsin,55,55-64 years,55-64,729,523176,139.3
,2003,2003,Wyoming,56,55-64 years,55-64,78,52317,149.1
,2004,2004,Alabama,01,55-64 years,55-64,762,485363,157.0
,2004,2004,Alaska,02,55-64 years,55-64,73,60988,119.7
,2004,2004,Arizona,04,55-64 years,55-64,882,559670,157.6
,2004,2004,Arkansas,05,55-64 years,55-64,645,297658,216.7
,2004,2004,California,06,55-64 years,55-64,4485,3205945,139.9
,2004,2004,Colorado,08,55-64 years,55-64,466,437960,106.4
,2004,2004,Connecticut,09,55-64 years,55-64,409,370289,110.5
,2004,2004,Delaware,10,55-64 years,55-64,147,88569,166.0
,2004,2004,District of Columbia,11,55-64 years,55-64,123,56734,216.8
,2004,2004,Florida,12,55-64 years,55-64,3022,1923778,157.1
,2004,2004,Georgia,13,55-64 years,55-64,1301,829508,156.8
,2004,2004,Hawaii,15,55-64 years,55-64,148,136741,108.2
,2004,2004,Idaho,16,55-64 years,55-64,172,135383,127.0
,2004,2004,Illinois,17,55-64 years,55-64,1983,1206900,164.3
,2004,2004,Indiana,18,55-64 years,55-64,1066,622598,171.2
,2004,2004,Iowa,19,55-64 years,55-64,461,297811,154.8
,2004,2004,Kansas,20,55-64 years,55-64,360,261557,137.6
,2004,2004,Kentucky,21,55-64 years,55-64,860,440485,195.2
,2004,2004,Louisiana,22,55-64 years,55-64,916,447326,204.8
,2004,2004,Maine,23,55-64 years,55-64,165,152551,108.2
,2004,2004,Maryland,24,55-64 years,55-64,918,574946,159.7
,2004,2004,Massachusetts,25,55-64 years,55-64,789,657707,120.0
,2004,2004,Michigan,26,55-64 years,55-64,1879,1024311,183.4
,2004,2004,Minnesota,27,55-64 years,55-64,446,489300,91.2
,2004,2004,Mississippi,28,55-64 years,55-64,672,286523,234.5
,2004,2004,Missouri,29,55-64 years,55-64,1089,593721,183.4
,2004,2004,Montana,30,55-64 years,55-64,135,104861,128.7
,2004,2004,Nebraska,31,55-64 years,55-64,177,167065,105.9
,2004,2004,Nevada,32,55-64 years,55-64,390,254534,153.2
,2004,2004,New Hampshire,33,55-64 years,55-64,160,139799,114.5
,2004,2004,New Jersey,34,55-64 years,55-64,1165,885260,131.6
,2004,2004,New Mexico,35,55-64 years,55-64,238,195983,121.4
,2004,2004,New York,36,55-64 years,55-64,3269,1953661,167.3
,2004,2004,North Carolina,37,55-64 years,55-64,1490,894026,166.7
,2004,2004,North Dakota,38,55-64 years,55-64,94,61906,151.8
,2004,2004,Ohio,39,55-64 years,55-64,2064,1181099,174.8
,2004,2004,Oklahoma,40,55-64 years,55-64,955,366550,260.5
,2004,2004,Oregon,41,55-64 years,55-64,431,388633,110.9
,2004,2004,Pennsylvania,42,55-64 years,55-64,2054,1322301,155.3
,2004,2004,Rhode Island,44,55-64 years,55-64,186,108229,171.9
,2004,2004,South Carolina,45,55-64 years,55-64,836,459419,182.0
,2004,2004,South Dakota,46,55-64 years,55-64,99,74448,133.0
,2004,2004,Tennessee,47,55-64 years,55-64,1367,638188,214.2
,2004,2004,Texas,48,55-64 years,55-64,3412,1977043,172.6
,2004,2004,Utah,49,55-64 years,55-64,169,177578,95.2
,2004,2004,Vermont,50,55-64 years,55-64,73,71444,102.2
,2004,2004,Virginia,51,55-64 years,55-64,1083,782317,138.4
,2004,2004,Washington,53,55-64 years,55-64,795,636967,124.8
,2004,2004,West Virginia,54,55-64 years,55-64,366,216478,169.1
,2004,2004,Wisconsin,55,55-64 years,55-64,682,548147,124.4
,2004,2004,Wyoming,56,55-64 years,55-64,73,55046,132.6
,2005,2005,Alabama,01,55-64 years,55-64,815,504487,161.6
,2005,2005,Alaska,02,55-64 years,55-64,82,65507,125.2
,2005,2005,Arizona,04,55-64 years,55-64,928,596994,155.4
,2005,2005,Arkansas,05,55-64 years,55-64,646,308071,209.7
,2005,2005,California,06,55-64 years,55-64,4680,3352893,139.6
,2005,2005,Colorado,08,55-64 years,55-64,441,465940,94.6
,2005,2005,Connecticut,09,55-64 years,55-64,380,383215,99.2
,2005,2005,Delaware,10,55-64 years,55-64,169,93127,181.5
,2005,2005,District of Columbia,11,55-64 years,55-64,131,58249,224.9
,2005,2005,Florida,12,55-64 years,55-64,2942,2023617,145.4
,2005,2005,Georgia,13,55-64 years,55-64,1276,876063,145.7
,2005,2005,Hawaii,15,55-64 years,55-64,150,144668,103.7
,2005,2005,Idaho,16,55-64 years,55-64,169,144231,117.2
,2005,2005,Illinois,17,55-64 years,55-64,1963,1254152,156.5
,2005,2005,Indiana,18,55-64 years,55-64,1024,649036,157.8
,2005,2005,Iowa,19,55-64 years,55-64,454,309928,146.5
,2005,2005,Kansas,20,55-64 years,55-64,391,273620,142.9
,2005,2005,Kentucky,21,55-64 years,55-64,888,458920,193.5
,2005,2005,Louisiana,22,55-64 years,55-64,988,466747,211.7
,2005,2005,Maine,23,55-64 years,55-64,188,160575,117.1
,2005,2005,Maryland,24,55-64 years,55-64,919,597231,153.9
,2005,2005,Massachusetts,25,55-64 years,55-64,734,683120,107.4
,2005,2005,Michigan,26,55-64 years,55-64,2075,1067060,194.5
,2005,2005,Minnesota,27,55-64 years,55-64,466,512412,90.9
,2005,2005,Mississippi,28,55-64 years,55-64,703,297902,236.0
,2005,2005,Missouri,29,55-64 years,55-64,1038,616966,168.2
,2005,2005,Montana,30,55-64 years,55-64,136,110849,122.7
,2005,2005,Nebraska,31,55-64 years,55-64,163,175147,93.1
,2005,2005,Nevada,32,55-64 years,55-64,455,268302,169.6
,2005,2005,New Hampshire,33,55-64 years,55-64,170,146914,115.7
,2005,2005,New Jersey,34,55-64 years,55-64,1220,914151,133.5
,2005,2005,New Mexico,35,55-64 years,55-64,255,207446,122.9
,2005,2005,New York,36,55-64 years,55-64,3236,2017490,160.4
,2005,2005,North Carolina,37,55-64 years,55-64,1486,940018,158.1
,2005,2005,North Dakota,38,55-64 years,55-64,87,65048,133.7
,2005,2005,Ohio,39,55-64 years,55-64,2046,1229686,166.4
,2005,2005,Oklahoma,40,55-64 years,55-64,874,378946,230.6
,2005,2005,Oregon,41,55-64 years,55-64,433,412758,104.9
,2005,2005,Pennsylvania,42,55-64 years,55-64,2127,1374904,154.7
,2005,2005,Rhode Island,44,55-64 years,55-64,199,112190,177.4
,2005,2005,South Carolina,45,55-64 years,55-64,868,483000,179.7
,2005,2005,South Dakota,46,55-64 years,55-64,120,78419,153.0
,2005,2005,Tennessee,47,55-64 years,55-64,1375,665531,206.6
,2005,2005,Texas,48,55-64 years,55-64,3433,2082926,164.8
,2005,2005,Utah,49,55-64 years,55-64,176,188875,93.2
,2005,2005,Vermont,50,55-64 years,55-64,78,74917,104.1
,2005,2005,Virginia,51,55-64 years,55-64,1123,815526,137.7
,2005,2005,Washington,53,55-64 years,55-64,832,675247,123.2
,2005,2005,West Virginia,54,55-64 years,55-64,450,225624,199.4
,2005,2005,Wisconsin,55,55-64 years,55-64,741,574727,128.9
,2005,2005,Wyoming,56,55-64 years,55-64,76,58125,130.8
,2006,2006,Alabama,01,55-64 years,55-64,793,524312,151.2
,2006,2006,Alaska,02,55-64 years,55-64,56,69753,80.3
,2006,2006,Arizona,04,55-64 years,55-64,913,633263,144.2
,2006,2006,Arkansas,05,55-64 years,55-64,689,318693,216.2
,2006,2006,California,06,55-64 years,55-64,4697,3487880,134.7
,2006,2006,Colorado,08,55-64 years,55-64,482,494724,97.4
,2006,2006,Connecticut,09,55-64 years,55-64,399,396246,100.7
,2006,2006,Delaware,10,55-64 years,55-64,133,97724,136.1
,2006,2006,District of Columbia,11,55-64 years,55-64,139,59845,232.3
,2006,2006,Florida,12,55-64 years,55-64,2962,2108308,140.5
,2006,2006,Georgia,13,55-64 years,55-64,1243,920050,135.1
,2006,2006,Hawaii,15,55-64 years,55-64,175,151933,115.2
,2006,2006,Idaho,16,55-64 years,55-64,186,153217,121.4
,2006,2006,Illinois,17,55-64 years,55-64,1961,1301167,150.7
,2006,2006,Indiana,18,55-64 years,55-64,1056,674227,156.6
,2006,2006,Iowa,19,55-64 years,55-64,478,323025,148.0
,2006,2006,Kansas,20,55-64 years,55-64,387,285458,135.6
,2006,2006,Kentucky,21,55-64 years,55-64,832,477485,174.2
,2006,2006,Louisiana,22,55-64 years,55-64,962,463919,207.4
,2006,2006,Maine,23,55-64 years,55-64,210,168298,124.8
,2006,2006,Maryland,24,55-64 years,55-64,911,618251,147.4
,2006,2006,Massachusetts,25,55-64 years,55-64,705,708544,99.5
,2006,2006,Michigan,26,55-64 years,55-64,1960,1109265,176.7
,2006,2006,Minnesota,27,55-64 years,55-64,432,536391,80.5
,2006,2006,Mississippi,28,55-64 years,55-64,633,308496,205.2
,2006,2006,Missouri,29,55-64 years,55-64,1145,640898,178.7
,2006,2006,Montana,30,55-64 years,55-64,133,117054,113.6
,2006,2006,Nebraska,31,55-64 years,55-64,161,183424,87.8
,2006,2006,Nevada,32,55-64 years,55-64,441,281046,156.9
,2006,2006,New Hampshire,33,55-64 years,55-64,165,154056,107.1
,2006,2006,New Jersey,34,55-64 years,55-64,1127,942325,119.6
,2006,2006,New Mexico,35,55-64 years,55-64,261,219588,118.9
,2006,2006,New York,36,55-64 years,55-64,3187,2079639,153.2
,2006,2006,North Carolina,37,55-64 years,55-64,1559,986089,158.1
,2006,2006,North Dakota,38,55-64 years,55-64,90,68009,132.3
,2006,2006,Ohio,39,55-64 years,55-64,2147,1276348,168.2
,2006,2006,Oklahoma,40,55-64 years,55-64,908,393271,230.9
,2006,2006,Oregon,41,55-64 years,55-64,446,436836,102.1
,2006,2006,Pennsylvania,42,55-64 years,55-64,2110,1427051,147.9
,2006,2006,Rhode Island,44,55-64 years,55-64,156,116178,134.3
,2006,2006,South Carolina,45,55-64 years,55-64,888,507662,174.9
,2006,2006,South Dakota,46,55-64 years,55-64,140,82567,169.6
,2006,2006,Tennessee,47,55-64 years,55-64,1488,694825,214.2
,2006,2006,Texas,48,55-64 years,55-64,3487,2196687,158.7
,2006,2006,Utah,49,55-64 years,55-64,172,200672,85.7
,2006,2006,Vermont,50,55-64 years,55-64,87,78434,110.9
,2006,2006,Virginia,51,55-64 years,55-64,1125,846130,133.0
,2006,2006,Washington,53,55-64 years,55-64,742,713269,104.0
,2006,2006,West Virginia,54,55-64 years,55-64,387,234904,164.7
,2006,2006,Wisconsin,55,55-64 years,55-64,691,601223,114.9
,2006,2006,Wyoming,56,55-64 years,55-64,69,61454,112.3
,2007,2007,Alabama,01,55-64 years,55-64,818,542075,150.9
,2007,2007,Alaska,02,55-64 years,55-64,71,73679,96.4
,2007,2007,Arizona,04,55-64 years,55-64,874,660397,132.3
,2007,2007,Arkansas,05,55-64 years,55-64,644,327923,196.4
,2007,2007,California,06,55-64 years,55-64,4633,3618423,128.0
,2007,2007,Colorado,08,55-64 years,55-64,483,523432,92.3
,2007,2007,Connecticut,09,55-64 years,55-64,368,407514,90.3
,2007,2007,Delaware,10,55-64 years,55-64,155,101227,153.1
,2007,2007,District of Columbia,11,55-64 years,55-64,142,60898,233.2
,2007,2007,Florida,12,55-64 years,55-64,2799,2171797,128.9
,2007,2007,Georgia,13,55-64 years,55-64,1185,963487,123.0
,2007,2007,Hawaii,15,55-64 years,55-64,158,159336,99.2
,2007,2007,Idaho,16,55-64 years,55-64,181,161630,112.0
,2007,2007,Illinois,17,55-64 years,55-64,1924,1342516,143.3
,2007,2007,Indiana,18,55-64 years,55-64,1008,699158,144.2
,2007,2007,Iowa,19,55-64 years,55-64,457,336911,135.6
,2007,2007,Kansas,20,55-64 years,55-64,310,297973,104.0
,2007,2007,Kentucky,21,55-64 years,55-64,853,493319,172.9
,2007,2007,Louisiana,22,55-64 years,55-64,929,482395,192.6
,2007,2007,Maine,23,55-64 years,55-64,196,175043,112.0
,2007,2007,Maryland,24,55-64 years,55-64,895,636108,140.7
,2007,2007,Massachusetts,25,55-64 years,55-64,754,732176,103.0
,2007,2007,Michigan,26,55-64 years,55-64,2015,1146857,175.7
,2007,2007,Minnesota,27,55-64 years,55-64,450,561123,80.2
,2007,2007,Mississippi,28,55-64 years,55-64,667,318811,209.2
,2007,2007,Missouri,29,55-64 years,55-64,1086,662533,163.9
,2007,2007,Montana,30,55-64 years,55-64,153,123481,123.9
,2007,2007,Nebraska,31,55-64 years,55-64,170,191381,88.8
,2007,2007,Nevada,32,55-64 years,55-64,429,292057,146.9
,2007,2007,New Hampshire,33,55-64 years,55-64,182,160698,113.3
,2007,2007,New Jersey,34,55-64 years,55-64,1070,965741,110.8
,2007,2007,New Mexico,35,55-64 years,55-64,304,230911,131.7
,2007,2007,New York,36,55-64 years,55-64,3099,2133869,145.2
,2007,2007,North Carolina,37,55-64 years,55-64,1553,1033276,150.3
,2007,2007,North Dakota,38,55-64 years,55-64,78,71725,108.7
,2007,2007,Ohio,39,55-64 years,55-64,2080,1319693,157.6
,2007,2007,Oklahoma,40,55-64 years,55-64,879,405474,216.8
,2007,2007,Oregon,41,55-64 years,55-64,481,457934,105.0
,2007,2007,Pennsylvania,42,55-64 years,55-64,2136,1477670,144.6
,2007,2007,Rhode Island,44,55-64 years,55-64,180,119726,150.3
,2007,2007,South Carolina,45,55-64 years,55-64,812,530939,152.9
,2007,2007,South Dakota,46,55-64 years,55-64,108,87090,124.0
,2007,2007,Tennessee,47,55-64 years,55-64,1413,719742,196.3
,2007,2007,Texas,48,55-64 years,55-64,3593,2300130,156.2
,2007,2007,Utah,49,55-64 years,55-64,194,211226,91.8
,2007,2007,Vermont,50,55-64 years,55-64,88,81761,107.6
,2007,2007,Virginia,51,55-64 years,55-64,1060,873986,121.3
,2007,2007,Washington,53,55-64 years,55-64,792,747598,105.9
,2007,2007,West Virginia,54,55-64 years,55-64,395,243082,162.5
,2007,2007,Wisconsin,55,55-64 years,55-64,771,627843,122.8
,2007,2007,Wyoming,56,55-64 years,55-64,89,64660,137.6
,2008,2008,Alabama,01,55-64 years,55-64,789,556340,141.8
,2008,2008,Alaska,02,55-64 years,55-64,68,77967,87.2
,2008,2008,Arizona,04,55-64 years,55-64,928,682249,136.0
,2008,2008,Arkansas,05,55-64 years,55-64,670,335312,199.8
,2008,2008,California,06,55-64 years,55-64,4561,3748885,121.7
,2008,2008,Colorado,08,55-64 years,55-64,481,549645,87.5
,2008,2008,Connecticut,09,55-64 years,55-64,378,416490,90.8
,2008,2008,Delaware,10,55-64 years,55-64,158,104777,150.8
,2008,2008,District of Columbia,11,55-64 years,55-64,141,61624,228.8
,2008,2008,Florida,12,55-64 years,55-64,2834,2217834,127.8
,2008,2008,Georgia,13,55-64 years,55-64,1149,997267,115.2
,2008,2008,Hawaii,15,55-64 years,55-64,174,165503,105.1
,2008,2008,Idaho,16,55-64 years,55-64,171,168248,101.6
,2008,2008,Illinois,17,55-64 years,55-64,1975,1380334,143.1
,2008,2008,Indiana,18,55-64 years,55-64,1101,719819,153.0
,2008,2008,Iowa,19,55-64 years,55-64,478,348104,137.3
,2008,2008,Kansas,20,55-64 years,55-64,366,308123,118.8
,2008,2008,Kentucky,21,55-64 years,55-64,883,508641,173.6
,2008,2008,Louisiana,22,55-64 years,55-64,978,499672,195.7
,2008,2008,Maine,23,55-64 years,55-64,202,180655,111.8
,2008,2008,Maryland,24,55-64 years,55-64,910,652083,139.6
,2008,2008,Massachusetts,25,55-64 years,55-64,741,752529,98.5
,2008,2008,Michigan,26,55-64 years,55-64,1916,1175776,163.0
,2008,2008,Minnesota,27,55-64 years,55-64,462,582155,79.4
,2008,2008,Mississippi,28,55-64 years,55-64,675,327476,206.1
,2008,2008,Missouri,29,55-64 years,55-64,1221,680290,179.5
,2008,2008,Montana,30,55-64 years,55-64,155,128789,120.4
,2008,2008,Nebraska,31,55-64 years,55-64,145,198421,73.1
,2008,2008,Nevada,32,55-64 years,55-64,416,299377,139.0
,2008,2008,New Hampshire,33,55-64 years,55-64,159,166583,95.4
,2008,2008,New Jersey,34,55-64 years,55-64,1075,984093,109.2
,2008,2008,New Mexico,35,55-64 years,55-64,316,239930,131.7
,2008,2008,New York,36,55-64 years,55-64,3201,2178218,147.0
,2008,2008,North Carolina,37,55-64 years,55-64,1593,1068596,149.1
,2008,2008,North Dakota,38,55-64 years,55-64,97,75112,129.1
,2008,2008,Ohio,39,55-64 years,55-64,2115,1356505,155.9
,2008,2008,Oklahoma,40,55-64 years,55-64,830,416838,199.1
,2008,2008,Oregon,41,55-64 years,55-64,458,476616,96.1
,2008,2008,Pennsylvania,42,55-64 years,55-64,2074,1518364,136.6
,2008,2008,Rhode Island,44,55-64 years,55-64,178,122375,145.5
,2008,2008,South Carolina,45,55-64 years,55-64,800,550714,145.3
,2008,2008,South Dakota,46,55-64 years,55-64,121,90851,133.2
,2008,2008,Tennessee,47,55-64 years,55-64,1430,741055,193.0
,2008,2008,Texas,48,55-64 years,55-64,3547,2399890,147.8
,2008,2008,Utah,49,55-64 years,55-64,162,221066,73.3
,2008,2008,Vermont,50,55-64 years,55-64,97,84427,114.9
,2008,2008,Virginia,51,55-64 years,55-64,1093,896712,121.9
,2008,2008,Washington,53,55-64 years,55-64,912,777195,117.3
,2008,2008,West Virginia,54,55-64 years,55-64,409,249897,163.7
,2008,2008,Wisconsin,55,55-64 years,55-64,790,649975,121.5
,2008,2008,Wyoming,56,55-64 years,55-64,82,67666,121.2
,2009,2009,Alabama,01,55-64 years,55-64,856,572887,149.4
,2009,2009,Alaska,02,55-64 years,55-64,96,83075,115.6
,2009,2009,Arizona,04,55-64 years,55-64,879,704828,124.7
,2009,2009,Arkansas,05,55-64 years,55-64,693,343649,201.7
,2009,2009,California,06,55-64 years,55-64,4460,3905550,114.2
,2009,2009,Colorado,08,55-64 years,55-64,491,577217,85.1
,2009,2009,Connecticut,09,55-64 years,55-64,392,430784,91.0
,2009,2009,Delaware,10,55-64 years,55-64,141,107654,131.0
,2009,2009,District of Columbia,11,55-64 years,55-64,92,62750,146.6
,2009,2009,Florida,12,55-64 years,55-64,2810,2274599,123.5
,2009,2009,Georgia,13,55-64 years,55-64,1222,1036484,117.9
,2009,2009,Hawaii,15,55-64 years,55-64,149,171079,87.1
,2009,2009,Idaho,16,55-64 years,55-64,231,174897,132.1
,2009,2009,Illinois,17,55-64 years,55-64,1886,1428967,132.0
,2009,2009,Indiana,18,55-64 years,55-64,1027,747106,137.5
,2009,2009,Iowa,19,55-64 years,55-64,515,361422,142.5
,2009,2009,Kansas,20,55-64 years,55-64,375,320851,116.9
,2009,2009,Kentucky,21,55-64 years,55-64,924,524383,176.2
,2009,2009,Louisiana,22,55-64 years,55-64,982,519317,189.1
,2009,2009,Maine,23,55-64 years,55-64,181,186977,96.8
,2009,2009,Maryland,24,55-64 years,55-64,969,675736,143.4
,2009,2009,Massachusetts,25,55-64 years,55-64,742,779883,95.1
,2009,2009,Michigan,26,55-64 years,55-64,1918,1216437,157.7
,2009,2009,Minnesota,27,55-64 years,55-64,455,608257,74.8
,2009,2009,Mississippi,28,55-64 years,55-64,621,337648,183.9
,2009,2009,Missouri,29,55-64 years,55-64,1119,702887,159.2
,2009,2009,Montana,30,55-64 years,55-64,156,134566,115.9
,2009,2009,Nebraska,31,55-64 years,55-64,158,206615,76.5
,2009,2009,Nevada,32,55-64 years,55-64,450,307809,146.2
,2009,2009,New Hampshire,33,55-64 years,55-64,172,172791,99.5
,2009,2009,New Jersey,34,55-64 years,55-64,1038,1017034,102.1
,2009,2009,New Mexico,35,55-64 years,55-64,310,249269,124.4
,2009,2009,New York,36,55-64 years,55-64,3067,2244247,136.7
,2009,2009,North Carolina,37,55-64 years,55-64,1541,1108180,139.1
,2009,2009,North Dakota,38,55-64 years,55-64,91,78775,115.5
,2009,2009,Ohio,39,55-64 years,55-64,1883,1407110,133.8
,2009,2009,Oklahoma,40,55-64 years,55-64,779,429509,181.4
,2009,2009,Oregon,41,55-64 years,55-64,471,495581,95.0
,2009,2009,Pennsylvania,42,55-64 years,55-64,1974,1573126,125.5
,2009,2009,Rhode Island,44,55-64 years,55-64,159,126712,125.5
,2009,2009,South Carolina,45,55-64 years,55-64,921,568892,161.9
,2009,2009,South Dakota,46,55-64 years,55-64,134,94612,141.6
,2009,2009,Tennessee,47,55-64 years,55-64,1466,765176,191.6
,2009,2009,Texas,48,55-64 years,55-64,3640,2508152,145.1
,2009,2009,Utah,49,55-64 years,55-64,180,231203,77.9
,2009,2009,Vermont,50,55-64 years,55-64,86,87424,98.4
,2009,2009,Virginia,51,55-64 years,55-64,1074,928240,115.7
,2009,2009,Washington,53,55-64 years,55-64,793,809219,98.0
,2009,2009,West Virginia,54,55-64 years,55-64,394,257937,152.8
,2009,2009,Wisconsin,55,55-64 years,55-64,777,677099,114.8
,2009,2009,Wyoming,56,55-64 years,55-64,78,70998,109.9
,2010,2010,Alabama,01,55-64 years,55-64,807,588033,137.2
,2010,2010,Alaska,02,55-64 years,55-64,98,85909,114.1
,2010,2010,Arizona,04,55-64 years,55-64,927,726228,127.6
,2010,2010,Arkansas,05,55-64 years,55-64,691,350991,196.9
,2010,2010,California,06,55-64 years,55-64,4464,4036493,110.6
,2010,2010,Colorado,08,55-64 years,55-64,483,597644,80.8
,2010,2010,Connecticut,09,55-64 years,55-64,376,443452,84.8
,2010,2010,Delaware,10,55-64 years,55-64,135,110929,121.7
,2010,2010,District of Columbia,11,55-64 years,55-64,140,63977,218.8
,2010,2010,Florida,12,55-64 years,55-64,2908,2337668,124.4
,2010,2010,Georgia,13,55-64 years,55-64,1260,1069557,117.8
,2010,2010,Hawaii,15,55-64 years,55-64,140,175562,79.7
,2010,2010,Idaho,16,55-64 years,55-64,165,180313,91.5
,2010,2010,Illinois,17,55-64 years,55-64,1865,1473207,126.6
,2010,2010,Indiana,18,55-64 years,55-64,1059,769143,137.7
,2010,2010,Iowa,19,55-64 years,55-64,497,372750,133.3
,2010,2010,Kansas,20,55-64 years,55-64,406,331247,122.6
,2010,2010,Kentucky,21,55-64 years,55-64,864,538993,160.3
,2010,2010,Louisiana,22,55-64 years,55-64,1001,535562,186.9
,2010,2010,Maine,23,55-64 years,55-64,168,192101,87.5
,2010,2010,Maryland,24,55-64 years,55-64,959,695768,137.8
,2010,2010,Massachusetts,25,55-64 years,55-64,733,803369,91.2
,2010,2010,Michigan,26,55-64 years,55-64,1975,1251997,157.7
,2010,2010,Minnesota,27,55-64 years,55-64,430,629364,68.3
,2010,2010,Mississippi,28,55-64 years,55-64,604,347325,173.9
,2010,2010,Missouri,29,55-64 years,55-64,1190,723278,164.5
,2010,2010,Montana,30,55-64 years,55-64,147,138858,105.9
,2010,2010,Nebraska,31,55-64 years,55-64,193,213176,90.5
,2010,2010,Nevada,32,55-64 years,55-64,430,315499,136.3
,2010,2010,New Hampshire,33,55-64 years,55-64,155,178243,87.0
,2010,2010,New Jersey,34,55-64 years,55-64,1104,1046165,105.5
,2010,2010,New Mexico,35,55-64 years,55-64,282,256936,109.8
,2010,2010,New York,36,55-64 years,55-64,2930,2303668,127.2
,2010,2010,North Carolina,37,55-64 years,55-64,1548,1138761,135.9
,2010,2010,North Dakota,38,55-64 years,55-64,103,81819,125.9
,2010,2010,Ohio,39,55-64 years,55-64,2076,1452266,142.9
,2010,2010,Oklahoma,40,55-64 years,55-64,903,440482,205.0
,2010,2010,Oregon,41,55-64 years,55-64,405,509566,79.5
,2010,2010,Pennsylvania,42,55-64 years,55-64,1918,1622344,118.2
,2010,2010,Rhode Island,44,55-64 years,55-64,131,130589,100.3
,2010,2010,South Carolina,45,55-64 years,55-64,949,583795,162.6
,2010,2010,South Dakota,46,55-64 years,55-64,152,97804,155.4
,2010,2010,Tennessee,47,55-64 years,55-64,1485,785715,189.0
,2010,2010,Texas,48,55-64 years,55-64,3609,2597691,138.9
,2010,2010,Utah,49,55-64 years,55-64,163,240241,67.8
,2010,2010,Vermont,50,55-64 years,55-64,84,89973,93.4
,2010,2010,Virginia,51,55-64 years,55-64,1087,954964,113.8
,2010,2010,Washington,53,55-64 years,55-64,847,835165,101.4
,2010,2010,West Virginia,54,55-64 years,55-64,396,264825,149.5
,2010,2010,Wisconsin,55,55-64 years,55-64,773,699811,110.5
,2010,2010,Wyoming,56,55-64 years,55-64,76,73513,103.4
,2011,2011,Alabama,01,55-64 years,55-64,904,610224,148.1
,2011,2011,Alaska,02,55-64 years,55-64,126,90885,138.6
,2011,2011,Arizona,04,55-64 years,55-64,980,756230,129.6
,2011,2011,Arkansas,05,55-64 years,55-64,736,363599,202.4
,2011,2011,California,06,55-64 years,55-64,4577,4219756,108.5
,2011,2011,Colorado,08,55-64 years,55-64,537,628620,85.4
,2011,2011,Connecticut,09,55-64 years,55-64,375,461663,81.2
,2011,2011,Delaware,10,55-64 years,55-64,143,116232,123.0
,2011,2011,District of Columbia,11,55-64 years,55-64,104,66752,155.8
,2011,2011,Florida,12,55-64 years,55-64,2841,2433669,116.7
,2011,2011,Georgia,13,55-64 years,55-64,1239,1115955,111.0
,2011,2011,Hawaii,15,55-64 years,55-64,176,179596,98.0
,2011,2011,Idaho,16,55-64 years,55-64,191,188817,101.2
,2011,2011,Illinois,17,55-64 years,55-64,1979,1537348,128.7
,2011,2011,Indiana,18,55-64 years,55-64,1175,803177,146.3
,2011,2011,Iowa,19,55-64 years,55-64,532,389049,136.7
,2011,2011,Kansas,20,55-64 years,55-64,415,346152,119.9
,2011,2011,Kentucky,21,55-64 years,55-64,932,560468,166.3
,2011,2011,Louisiana,22,55-64 years,55-64,928,560025,165.7
,2011,2011,Maine,23,55-64 years,55-64,175,199958,87.5
,2011,2011,Maryland,24,55-64 years,55-64,874,726370,120.3
,2011,2011,Massachusetts,25,55-64 years,55-64,732,837865,87.4
,2011,2011,Michigan,26,55-64 years,55-64,2162,1304153,165.8
,2011,2011,Minnesota,27,55-64 years,55-64,482,661215,72.9
,2011,2011,Mississippi,28,55-64 years,55-64,613,360476,170.1
,2011,2011,Missouri,29,55-64 years,55-64,1188,753697,157.6
,2011,2011,Montana,30,55-64 years,55-64,165,144927,113.9
,2011,2011,Nebraska,31,55-64 years,55-64,178,223573,79.6
,2011,2011,Nevada,32,55-64 years,55-64,409,326307,125.3
,2011,2011,New Hampshire,33,55-64 years,55-64,166,186217,89.1
,2011,2011,New Jersey,34,55-64 years,55-64,1065,1087367,97.9
,2011,2011,New Mexico,35,55-64 years,55-64,315,266321,118.3
,2011,2011,New York,36,55-64 years,55-64,2862,2389166,119.8
,2011,2011,North Carolina,37,55-64 years,55-64,1612,1187466,135.8
,2011,2011,North Dakota,38,55-64 years,55-64,86,86016,100.0
,2011,2011,Ohio,39,55-64 years,55-64,1990,1515607,131.3
,2011,2011,Oklahoma,40,55-64 years,55-64,876,457541,191.5
,2011,2011,Oregon,41,55-64 years,55-64,420,529187,79.4
,2011,2011,Pennsylvania,42,55-64 years,55-64,2016,1694836,118.9
,2011,2011,Rhode Island,44,55-64 years,55-64,173,135676,127.5
,2011,2011,South Carolina,45,55-64 years,55-64,887,606691,146.2
,2011,2011,South Dakota,46,55-64 years,55-64,124,103315,120.0
,2011,2011,Tennessee,47,55-64 years,55-64,1503,817117,183.9
,2011,2011,Texas,48,55-64 years,55-64,3718,2734763,136.0
,2011,2011,Utah,49,55-64 years,55-64,196,254030,77.2
,2011,2011,Vermont,50,55-64 years,55-64,106,93531,113.3
,2011,2011,Virginia,51,55-64 years,55-64,1056,995298,106.1
,2011,2011,Washington,53,55-64 years,55-64,803,872440,92.0
,2011,2011,West Virginia,54,55-64 years,55-64,409,272741,150.0
,2011,2011,Wisconsin,55,55-64 years,55-64,827,732936,112.8
,2011,2011,Wyoming,56,55-64 years,55-64,83,77120,107.6
,2012,2012,Alabama,01,55-64 years,55-64,801,615408,130.2
,2012,2012,Alaska,02,55-64 years,55-64,89,92816,95.9
,2012,2012,Arizona,04,55-64 years,55-64,963,764833,125.9
,2012,2012,Arkansas,05,55-64 years,55-64,746,364152,204.9
,2012,2012,California,06,55-64 years,55-64,4731,4303873,109.9
,2012,2012,Colorado,08,55-64 years,55-64,536,641878,83.5
,2012,2012,Connecticut,09,55-64 years,55-64,404,467473,86.4
,2012,2012,Delaware,10,55-64 years,55-64,118,117715,100.2
,2012,2012,District of Columbia,11,55-64 years,55-64,122,67538,180.6
,2012,2012,Florida,12,55-64 years,55-64,2941,2463778,119.4
,2012,2012,Georgia,13,55-64 years,55-64,1181,1134511,104.1
,2012,2012,Hawaii,15,55-64 years,55-64,196,181200,108.2
,2012,2012,Idaho,16,55-64 years,55-64,173,192165,90.0
,2012,2012,Illinois,17,55-64 years,55-64,1976,1557881,126.8
,2012,2012,Indiana,18,55-64 years,55-64,1098,812629,135.1
,2012,2012,Iowa,19,55-64 years,55-64,582,393632,147.9
,2012,2012,Kansas,20,55-64 years,55-64,401,351110,114.2
,2012,2012,Kentucky,21,55-64 years,55-64,1003,562778,178.2
,2012,2012,Louisiana,22,55-64 years,55-64,1006,566887,177.5
,2012,2012,Maine,23,55-64 years,55-64,171,201448,84.9
,2012,2012,Maryland,24,55-64 years,55-64,865,736727,117.4
,2012,2012,Massachusetts,25,55-64 years,55-64,723,850031,85.1
,2012,2012,Michigan,26,55-64 years,55-64,2128,1321837,161.0
,2012,2012,Minnesota,27,55-64 years,55-64,492,675419,72.8
,2012,2012,Mississippi,28,55-64 years,55-64,712,363272,196.0
,2012,2012,Missouri,29,55-64 years,55-64,1186,762756,155.5
,2012,2012,Montana,30,55-64 years,55-64,188,146833,128.0
,2012,2012,Nebraska,31,55-64 years,55-64,170,227046,74.9
,2012,2012,Nevada,32,55-64 years,55-64,434,331410,131.0
,2012,2012,New Hampshire,33,55-64 years,55-64,175,189512,92.3
,2012,2012,New Jersey,34,55-64 years,55-64,1140,1103563,103.3
,2012,2012,New Mexico,35,55-64 years,55-64,300,267370,112.2
,2012,2012,New York,36,55-64 years,55-64,2940,2414879,121.7
,2012,2012,North Carolina,37,55-64 years,55-64,1602,1199314,133.6
,2012,2012,North Dakota,38,55-64 years,55-64,92,87948,104.6
,2012,2012,Ohio,39,55-64 years,55-64,2058,1529618,134.5
,2012,2012,Oklahoma,40,55-64 years,55-64,926,461599,200.6
,2012,2012,Oregon,41,55-64 years,55-64,452,532698,84.9
,2012,2012,Pennsylvania,42,55-64 years,55-64,1960,1710262,114.6
,2012,2012,Rhode Island,44,55-64 years,55-64,147,136882,107.4
,2012,2012,South Carolina,45,55-64 years,55-64,879,610723,143.9
,2012,2012,South Dakota,46,55-64 years,55-64,133,106504,124.9
,2012,2012,Tennessee,47,55-64 years,55-64,1565,822636,190.2
,2012,2012,Texas,48,55-64 years,55-64,3733,2800415,133.3
,2012,2012,Utah,49,55-64 years,55-64,187,261375,71.5
,2012,2012,Vermont,50,55-64 years,55-64,75,94367,79.5
,2012,2012,Virginia,51,55-64 years,55-64,1043,1006448,103.6
,2012,2012,Washington,53,55-64 years,55-64,807,884586,91.2
,2012,2012,West Virginia,54,55-64 years,55-64,397,271725,146.1
,2012,2012,Wisconsin,55,55-64 years,55-64,883,745803,118.4
,2012,2012,Wyoming,56,55-64 years,55-64,83,78939,105.1
,2013,2013,Alabama,01,55-64 years,55-64,826,622799,132.6
,2013,2013,Alaska,02,55-64 years,55-64,86,92820,92.7
,2013,2013,Arizona,04,55-64 years,55-64,901,776850,116.0
,2013,2013,Arkansas,05,55-64 years,55-64,732,366965,199.5
,2013,2013,California,06,55-64 years,55-64,4644,4403436,105.5
,2013,2013,Colorado,08,55-64 years,55-64,491,656161,74.8
,2013,2013,Connecticut,09,55-64 years,55-64,369,477383,77.3
,2013,2013,Delaware,10,55-64 years,55-64,156,120827,129.1
,2013,2013,District of Columbia,11,55-64 years,55-64,126,68604,183.7
,2013,2013,Florida,12,55-64 years,55-64,2913,2506318,116.2
,2013,2013,Georgia,13,55-64 years,55-64,1332,1155188,115.3
,2013,2013,Hawaii,15,55-64 years,55-64,174,179346,97.0
,2013,2013,Idaho,16,55-64 years,55-64,195,196012,99.5
,2013,2013,Illinois,17,55-64 years,55-64,1878,1589904,118.1
,2013,2013,Indiana,18,55-64 years,55-64,1045,829486,126.0
,2013,2013,Iowa,19,55-64 years,55-64,558,401545,139.0
,2013,2013,Kansas,20,55-64 years,55-64,376,356847,105.4
,2013,2013,Kentucky,21,55-64 years,55-64,938,571744,164.1
,2013,2013,Louisiana,22,55-64 years,55-64,1028,577651,178.0
,2013,2013,Maine,23,55-64 years,55-64,167,204129,81.8
,2013,2013,Maryland,24,55-64 years,55-64,876,750387,116.7
,2013,2013,Massachusetts,25,55-64 years,55-64,709,867128,81.8
,2013,2013,Michigan,26,55-64 years,55-64,2120,1347308,157.4
,2013,2013,Minnesota,27,55-64 years,55-64,494,695366,71.0
,2013,2013,Mississippi,28,55-64 years,55-64,688,367728,187.1
,2013,2013,Missouri,29,55-64 years,55-64,1241,778014,159.5
,2013,2013,Montana,30,55-64 years,55-64,186,149156,124.7
,2013,2013,Nebraska,31,55-64 years,55-64,201,231304,86.9
,2013,2013,Nevada,32,55-64 years,55-64,489,337169,145.0
,2013,2013,New Hampshire,33,55-64 years,55-64,186,193326,96.2
,2013,2013,New Jersey,34,55-64 years,55-64,1119,1127705,99.2
,2013,2013,New Mexico,35,55-64 years,55-64,309,267967,115.3
,2013,2013,New York,36,55-64 years,55-64,2858,2457489,116.3
,2013,2013,North Carolina,37,55-64 years,55-64,1625,1219917,133.2
,2013,2013,North Dakota,38,55-64 years,55-64,88,90186,97.6
,2013,2013,Ohio,39,55-64 years,55-64,2035,1555900,130.8
,2013,2013,Oklahoma,40,55-64 years,55-64,950,469130,202.5
,2013,2013,Oregon,41,55-64 years,55-64,429,536794,79.9
,2013,2013,Pennsylvania,42,55-64 years,55-64,1937,1740849,111.3
,2013,2013,Rhode Island,44,55-64 years,55-64,167,139878,119.4
,2013,2013,South Carolina,45,55-64 years,55-64,921,620062,148.5
,2013,2013,South Dakota,46,55-64 years,55-64,137,109656,124.9
,2013,2013,Tennessee,47,55-64 years,55-64,1569,832204,188.5
,2013,2013,Texas,48,55-64 years,55-64,3814,2874895,132.7
,2013,2013,Utah,49,55-64 years,55-64,196,269589,72.7
,2013,2013,Vermont,50,55-64 years,55-64,81,95257,85.0
,2013,2013,Virginia,51,55-64 years,55-64,1078,1022922,105.4
,2013,2013,Washington,53,55-64 years,55-64,862,897344,96.1
,2013,2013,West Virginia,54,55-64 years,55-64,371,271930,136.4
,2013,2013,Wisconsin,55,55-64 years,55-64,843,765445,110.1
,2013,2013,Wyoming,56,55-64 years,55-64,83,80411,103.2
,2014,2014,Alabama,01,55-64 years,55-64,826,629476,131.2
,2014,2014,Alaska,02,55-64 years,55-64,110,93050,118.2
,2014,2014,Arizona,04,55-64 years,55-64,880,793914,110.8
,2014,2014,Arkansas,05,55-64 years,55-64,733,369673,198.3
,2014,2014,California,06,55-64 years,55-64,4500,4519600,99.6
,2014,2014,Colorado,08,55-64 years,55-64,577,670286,86.1
,2014,2014,Connecticut,09,55-64 years,55-64,357,487261,73.3
,2014,2014,Delaware,10,55-64 years,55-64,137,124032,110.5
,2014,2014,District of Columbia,11,55-64 years,55-64,135,69000,195.7
,2014,2014,Florida,12,55-64 years,55-64,3110,2573746,120.8
,2014,2014,Georgia,13,55-64 years,55-64,1327,1179203,112.5
,2014,2014,Hawaii,15,55-64 years,55-64,181,179789,100.7
,2014,2014,Idaho,16,55-64 years,55-64,209,199565,104.7
,2014,2014,Illinois,17,55-64 years,55-64,1836,1619080,113.4
,2014,2014,Indiana,18,55-64 years,55-64,1112,842381,132.0
,2014,2014,Iowa,19,55-64 years,55-64,541,407141,132.9
,2014,2014,Kansas,20,55-64 years,55-64,420,362462,115.9
,2014,2014,Kentucky,21,55-64 years,55-64,957,578122,165.5
,2014,2014,Louisiana,22,55-64 years,55-64,1076,587866,183.0
,2014,2014,Maine,23,55-64 years,55-64,171,206375,82.9
,2014,2014,Maryland,24,55-64 years,55-64,853,765391,111.4
,2014,2014,Massachusetts,25,55-64 years,55-64,692,885298,78.2
,2014,2014,Michigan,26,55-64 years,55-64,2270,1366332,166.1
,2014,2014,Minnesota,27,55-64 years,55-64,538,711836,75.6
,2014,2014,Mississippi,28,55-64 years,55-64,714,372995,191.4
,2014,2014,Missouri,29,55-64 years,55-64,1291,790529,163.3
,2014,2014,Montana,30,55-64 years,55-64,197,150394,131.0
,2014,2014,Nebraska,31,55-64 years,55-64,210,234892,89.4
,2014,2014,Nevada,32,55-64 years,55-64,484,345541,140.1
,2014,2014,New Hampshire,33,55-64 years,55-64,151,197695,76.4
,2014,2014,New Jersey,34,55-64 years,55-64,1082,1154228,93.7
,2014,2014,New Mexico,35,55-64 years,55-64,293,269400,108.8
,2014,2014,New York,36,55-64 years,55-64,2838,2499610,113.5
,2014,2014,North Carolina,37,55-64 years,55-64,1552,1242592,124.9
,2014,2014,North Dakota,38,55-64 years,55-64,95,92232,103.0
,2014,2014,Ohio,39,55-64 years,55-64,2146,1576266,136.1
,2014,2014,Oklahoma,40,55-64 years,55-64,970,475218,204.1
,2014,2014,Oregon,41,55-64 years,55-64,412,540634,76.2
,2014,2014,Pennsylvania,42,55-64 years,55-64,1976,1767678,111.8
,2014,2014,Rhode Island,44,55-64 years,55-64,154,142384,108.2
,2014,2014,South Carolina,45,55-64 years,55-64,875,631307,138.6
,2014,2014,South Dakota,46,55-64 years,55-64,159,111795,142.2
,2014,2014,Tennessee,47,55-64 years,55-64,1630,842266,193.5
,2014,2014,Texas,48,55-64 years,55-64,3894,2962296,131.5
,2014,2014,Utah,49,55-64 years,55-64,187,276569,67.6
,2014,2014,Vermont,50,55-64 years,55-64,108,96224,112.2
,2014,2014,Virginia,51,55-64 years,55-64,1104,1040424,106.1
,2014,2014,Washington,53,55-64 years,55-64,889,911851,97.5
,2014,2014,West Virginia,54,55-64 years,55-64,431,270492,159.3
,2014,2014,Wisconsin,55,55-64 years,55-64,831,780371,106.5
,2014,2014,Wyoming,56,55-64 years,55-64,104,80819,128.7
,2015,2015,Alabama,01,55-64 years,55-64,832,637997,130.4
,2015,2015,Alaska,02,55-64 years,55-64,117,93624,125.0
,2015,2015,Arizona,04,55-64 years,55-64,980,813701,120.4
,2015,2015,Arkansas,05,55-64 years,55-64,781,374520,208.5
,2015,2015,California,06,55-64 years,55-64,4671,4629863,100.9
,2015,2015,Colorado,08,55-64 years,55-64,548,685560,79.9
,2015,2015,Connecticut,09,55-64 years,55-64,395,496966,79.5
,2015,2015,Delaware,10,55-64 years,55-64,147,127788,115.0
,2015,2015,District of Columbia,11,55-64 years,55-64,119,69689,170.8
,2015,2015,Florida,12,55-64 years,55-64,3113,2653663,117.3
,2015,2015,Georgia,13,55-64 years,55-64,1377,1209172,113.9
,2015,2015,Hawaii,15,55-64 years,55-64,170,179443,94.7
,2015,2015,Idaho,16,55-64 years,55-64,231,203570,113.5
,2015,2015,Illinois,17,55-64 years,55-64,1858,1644616,113.0
,2015,2015,Indiana,18,55-64 years,55-64,1160,855764,135.6
,2015,2015,Iowa,19,55-64 years,55-64,487,413317,117.8
,2015,2015,Kansas,20,55-64 years,55-64,421,367203,114.7
,2015,2015,Kentucky,21,55-64 years,55-64,980,585545,167.4
,2015,2015,Louisiana,22,55-64 years,55-64,1020,597530,170.7
,2015,2015,Maine,23,55-64 years,55-64,175,208606,83.9
,2015,2015,Maryland,24,55-64 years,55-64,850,781728,108.7
,2015,2015,Massachusetts,25,55-64 years,55-64,722,904845,79.8
,2015,2015,Michigan,26,55-64 years,55-64,2076,1383886,150.0
,2015,2015,Minnesota,27,55-64 years,55-64,495,727971,68.0
,2015,2015,Mississippi,28,55-64 years,55-64,665,377667,176.1
,2015,2015,Missouri,29,55-64 years,55-64,1259,805142,156.4
,2015,2015,Montana,30,55-64 years,55-64,178,151479,117.5
,2015,2015,Nebraska,31,55-64 years,55-64,239,238715,100.1
,2015,2015,Nevada,32,55-64 years,55-64,524,354173,148.0
,2015,2015,New Hampshire,33,55-64 years,55-64,159,201847,78.8
,2015,2015,New Jersey,34,55-64 years,55-64,1059,1179790,89.8
,2015,2015,New Mexico,35,55-64 years,55-64,317,271481,116.8
,2015,2015,New York,36,55-64 years,55-64,2904,2544000,114.2
,2015,2015,North Carolina,37,55-64 years,55-64,1643,1270500,129.3
,2015,2015,North Dakota,38,55-64 years,55-64,105,94184,111.5
,2015,2015,Ohio,39,55-64 years,55-64,2119,1595430,132.8
,2015,2015,Oklahoma,40,55-64 years,55-64,1038,483511,214.7
,2015,2015,Oregon,41,55-64 years,55-64,438,545128,80.3
,2015,2015,Pennsylvania,42,55-64 years,55-64,2005,1791880,111.9
,2015,2015,Rhode Island,44,55-64 years,55-64,162,144825,111.9
,2015,2015,South Carolina,45,55-64 years,55-64,956,644291,148.4
,2015,2015,South Dakota,46,55-64 years,55-64,132,114266,115.5
,2015,2015,Tennessee,47,55-64 years,55-64,1692,855183,197.9
,2015,2015,Texas,48,55-64 years,55-64,4037,3051631,132.3
,2015,2015,Utah,49,55-64 years,55-64,203,284433,71.4
,2015,2015,Vermont,50,55-64 years,55-64,116,96745,119.9
,2015,2015,Virginia,51,55-64 years,55-64,1126,1060937,106.1
,2015,2015,Washington,53,55-64 years,55-64,793,928871,85.4
,2015,2015,West Virginia,54,55-64 years,55-64,382,268922,142.0
,2015,2015,Wisconsin,55,55-64 years,55-64,823,794933,103.5
,2015,2015,Wyoming,56,55-64 years,55-64,92,81288,113.2
,2016,2016,Alabama,01,55-64 years,55-64,837,645092,129.7
,2016,2016,Alaska,02,55-64 years,55-64,126,95322,132.2
,2016,2016,Arizona,04,55-64 years,55-64,1015,831142,122.1
,2016,2016,Arkansas,05,55-64 years,55-64,796,378345,210.4
,2016,2016,California,06,55-64 years,55-64,4780,4688718,101.9
,2016,2016,Colorado,08,55-64 years,55-64,558,699310,79.8
,2016,2016,Connecticut,09,55-64 years,55-64,417,504555,82.6
,2016,2016,Delaware,10,55-64 years,55-64,146,130645,111.8
,2016,2016,District of Columbia,11,55-64 years,55-64,123,70044,175.6
,2016,2016,Florida,12,55-64 years,55-64,3194,2727163,117.1
,2016,2016,Georgia,13,55-64 years,55-64,1351,1236811,109.2
,2016,2016,Hawaii,15,55-64 years,55-64,151,184406,81.9
,2016,2016,Idaho,16,55-64 years,55-64,213,208250,102.3
,2016,2016,Illinois,17,55-64 years,55-64,1795,1655713,108.4
,2016,2016,Indiana,18,55-64 years,55-64,1133,864467,131.1
,2016,2016,Iowa,19,55-64 years,55-64,567,415998,136.3
,2016,2016,Kansas,20,55-64 years,55-64,456,372194,122.5
,2016,2016,Kentucky,21,55-64 years,55-64,1026,590470,173.8
,2016,2016,Louisiana,22,55-64 years,55-64,1008,603021,167.2
,2016,2016,Maine,23,55-64 years,55-64,170,210290,80.8
,2016,2016,Maryland,24,55-64 years,55-64,867,794068,109.2
,2016,2016,Massachusetts,25,55-64 years,55-64,666,917004,72.6
,2016,2016,Michigan,26,55-64 years,55-64,2238,1392778,160.7
,2016,2016,Minnesota,27,55-64 years,55-64,515,739313,69.7
,2016,2016,Mississippi,28,55-64 years,55-64,619,380829,162.5
,2016,2016,Missouri,29,55-64 years,55-64,1205,815760,147.7
,2016,2016,Montana,30,55-64 years,55-64,187,152474,122.6
,2016,2016,Nebraska,31,55-64 years,55-64,195,241172,80.9
,2016,2016,Nevada,32,55-64 years,55-64,544,362520,150.1
,2016,2016,New Hampshire,33,55-64 years,55-64,213,206156,103.3
,2016,2016,New Jersey,34,55-64 years,55-64,1080,1195810,90.3
,2016,2016,New Mexico,35,55-64 years,55-64,373,273230,136.5
,2016,2016,New York,36,55-64 years,55-64,2991,2567707,116.5
,2016,2016,North Carolina,37,55-64 years,55-64,1616,1300928,124.2
,2016,2016,North Dakota,38,55-64 years,55-64,100,95008,105.3
,2016,2016,Ohio,39,55-64 years,55-64,2203,1605369,137.2
,2016,2016,Oklahoma,40,55-64 years,55-64,929,487868,190.4
,2016,2016,Oregon,41,55-64 years,55-64,444,547973,81.0
,2016,2016,Pennsylvania,42,55-64 years,55-64,2114,1804053,117.2
,2016,2016,Rhode Island,44,55-64 years,55-64,124,146895,84.4
,2016,2016,South Carolina,45,55-64 years,55-64,891,658202,135.4
,2016,2016,South Dakota,46,55-64 years,55-64,142,115704,122.7
,2016,2016,Tennessee,47,55-64 years,55-64,1649,866723,190.3
,2016,2016,Texas,48,55-64 years,55-64,4122,3116019,132.3
,2016,2016,Utah,49,55-64 years,55-64,210,291159,72.1
,2016,2016,Vermont,50,55-64 years,55-64,115,96891,118.7
,2016,2016,Virginia,51,55-64 years,55-64,1151,1080365,106.5
,2016,2016,Washington,53,55-64 years,55-64,806,945770,85.2
,2016,2016,West Virginia,54,55-64 years,55-64,453,265906,170.4
,2016,2016,Wisconsin,55,55-64 years,55-64,873,806268,108.3
,2016,2016,Wyoming,56,55-64 years,55-64,93,81266,114.4
,2017,2017,Alabama,01,55-64 years,55-64,854,650545,131.3
,2017,2017,Alaska,02,55-64 years,55-64,104,95366,109.1
,2017,2017,Arizona,04,55-64 years,55-64,988,846253,116.7
,2017,2017,Arkansas,05,55-64 years,55-64,889,381856,232.8
,2017,2017,California,06,55-64 years,55-64,4776,4762678,100.3
,2017,2017,Colorado,08,55-64 years,55-64,539,706480,76.3
,2017,2017,Connecticut,09,55-64 years,55-64,427,510519,83.6
,2017,2017,Delaware,10,55-64 years,55-64,143,133226,107.3
,2017,2017,District of Columbia,11,55-64 years,55-64,102,70127,145.5
,2017,2017,Florida,12,55-64 years,55-64,3261,2797628,116.6
,2017,2017,Georgia,13,55-64 years,55-64,1395,1263562,110.4
,2017,2017,Hawaii,15,55-64 years,55-64,171,183072,93.4
,2017,2017,Idaho,16,55-64 years,55-64,209,211747,98.7
,2017,2017,Illinois,17,55-64 years,55-64,1704,1666188,102.3
,2017,2017,Indiana,18,55-64 years,55-64,1198,870607,137.6
,2017,2017,Iowa,19,55-64 years,55-64,540,417559,129.3
,2017,2017,Kansas,20,55-64 years,55-64,471,373644,126.1
,2017,2017,Kentucky,21,55-64 years,55-64,988,594559,166.2
,2017,2017,Louisiana,22,55-64 years,55-64,952,606191,157.0
,2017,2017,Maine,23,55-64 years,55-64,188,211432,88.9
,2017,2017,Maryland,24,55-64 years,55-64,801,808007,99.1
,2017,2017,Massachusetts,25,55-64 years,55-64,674,931452,72.4
,2017,2017,Michigan,26,55-64 years,55-64,2074,1400230,148.1
,2017,2017,Minnesota,27,55-64 years,55-64,511,749028,68.2
,2017,2017,Mississippi,28,55-64 years,55-64,692,384075,180.2
,2017,2017,Missouri,29,55-64 years,55-64,1246,824255,151.2
,2017,2017,Montana,30,55-64 years,55-64,175,152169,115.0
,2017,2017,Nebraska,31,55-64 years,55-64,199,242601,82.0
,2017,2017,Nevada,32,55-64 years,55-64,505,370813,136.2
,2017,2017,New Hampshire,33,55-64 years,55-64,194,209284,92.7
,2017,2017,New Jersey,34,55-64 years,55-64,1169,1216805,96.1
,2017,2017,New Mexico,35,55-64 years,55-64,359,274690,130.7
,2017,2017,New York,36,55-64 years,55-64,2970,2600201,114.2
,2017,2017,North Carolina,37,55-64 years,55-64,1640,1321678,124.1
,2017,2017,North Dakota,38,55-64 years,55-64,83,95281,87.1
,2017,2017,Ohio,39,55-64 years,55-64,2222,1612275,137.8
,2017,2017,Oklahoma,40,55-64 years,55-64,964,491296,196.2
,2017,2017,Oregon,41,55-64 years,55-64,428,547596,78.2
,2017,2017,Pennsylvania,42,55-64 years,55-64,2166,1811818,119.5
,2017,2017,Rhode Island,44,55-64 years,55-64,134,148578,90.2
,2017,2017,South Carolina,45,55-64 years,55-64,978,667336,146.6
,2017,2017,South Dakota,46,55-64 years,55-64,147,116250,126.5
,2017,2017,Tennessee,47,55-64 years,55-64,1661,877048,189.4
,2017,2017,Texas,48,55-64 years,55-64,4311,3184764,135.4
,2017,2017,Utah,49,55-64 years,55-64,245,296399,82.7
,2017,2017,Vermont,50,55-64 years,55-64,113,96829,116.7
,2017,2017,Virginia,51,55-64 years,55-64,1132,1096476,103.2
,2017,2017,Washington,53,55-64 years,55-64,898,956893,93.8
,2017,2017,West Virginia,54,55-64 years,55-64,433,262100,165.2
,2017,2017,Wisconsin,55,55-64 years,55-64,865,815338,106.1
,2017,2017,Wyoming,56,55-64 years,55-64,79,80854,97.7
,2018,2018,Alabama,01,55-64 years,55-64,871,655179,132.9
,2018,2018,Alaska,02,55-64 years,55-64,109,94602,115.2
,2018,2018,Arizona,04,55-64 years,55-64,892,866277,103.0
,2018,2018,Arkansas,05,55-64 years,55-64,805,384467,209.4
,2018,2018,California,06,55-64 years,55-64,4804,4781226,100.5
,2018,2018,Colorado,08,55-64 years,55-64,543,710600,76.4
,2018,2018,Connecticut,09,55-64 years,55-64,440,511805,86.0
,2018,2018,Delaware,10,55-64 years,55-64,102,135639,75.2
,2018,2018,District of Columbia,11,55-64 years,55-64,149,70302,211.9
,2018,2018,Florida,12,55-64 years,55-64,3343,2854601,117.1
,2018,2018,Georgia,13,55-64 years,55-64,1438,1285682,111.8
,2018,2018,Hawaii,15,55-64 years,55-64,192,180727,106.2
,2018,2018,Idaho,16,55-64 years,55-64,219,214850,101.9
,2018,2018,Illinois,17,55-64 years,55-64,1764,1665187,105.9
,2018,2018,Indiana,18,55-64 years,55-64,1172,873286,134.2
,2018,2018,Iowa,19,55-64 years,55-64,582,417537,139.4
,2018,2018,Kansas,20,55-64 years,55-64,465,373425,124.5
,2018,2018,Kentucky,21,55-64 years,55-64,1043,597345,174.6
,2018,2018,Louisiana,22,55-64 years,55-64,957,606266,157.9
,2018,2018,Maine,23,55-64 years,55-64,146,211981,68.9
,2018,2018,Maryland,24,55-64 years,55-64,844,812734,103.8
,2018,2018,Massachusetts,25,55-64 years,55-64,691,939167,73.6
,2018,2018,Michigan,26,55-64 years,55-64,2032,1402804,144.9
,2018,2018,Minnesota,27,55-64 years,55-64,531,754445,70.4
,2018,2018,Mississippi,28,55-64 years,55-64,677,385893,175.4
,2018,2018,Missouri,29,55-64 years,55-64,1282,829541,154.5
,2018,2018,Montana,30,55-64 years,55-64,226,151387,149.3
,2018,2018,Nebraska,31,55-64 years,55-64,208,243048,85.6
,2018,2018,Nevada,32,55-64 years,55-64,507,376561,134.6
,2018,2018,New Hampshire,33,55-64 years,55-64,183,212515,86.1
,2018,2018,New Jersey,34,55-64 years,55-64,1134,1219331,93.0
,2018,2018,New Mexico,35,55-64 years,55-64,371,274147,135.3
,2018,2018,New York,36,55-64 years,55-64,3070,2594621,118.3
,2018,2018,North Carolina,37,55-64 years,55-64,1709,1342983,127.3
,2018,2018,North Dakota,38,55-64 years,55-64,94,94823,99.1
,2018,2018,Ohio,39,55-64 years,55-64,2150,1611548,133.4
,2018,2018,Oklahoma,40,55-64 years,55-64,808,493444,163.7
,2018,2018,Oregon,41,55-64 years,55-64,385,544485,70.7
,2018,2018,Pennsylvania,42,55-64 years,55-64,2177,1809805,120.3
,2018,2018,Rhode Island,44,55-64 years,55-64,170,149158,114.0
,2018,2018,South Carolina,45,55-64 years,55-64,881,678299,129.9
,2018,2018,South Dakota,46,55-64 years,55-64,154,117261,131.3
,2018,2018,Tennessee,47,55-64 years,55-64,1675,886174,189.0
,2018,2018,Texas,48,55-64 years,55-64,4344,3234290,134.3
,2018,2018,Utah,49,55-64 years,55-64,179,300160,59.6
,2018,2018,Vermont,50,55-64 years,55-64,119,96489,123.3
,2018,2018,Virginia,51,55-64 years,55-64,1133,1106872,102.4
,2018,2018,Washington,53,55-64 years,55-64,897,960871,93.4
,2018,2018,West Virginia,54,55-64 years,55-64,473,258370,183.1
,2018,2018,Wisconsin,55,55-64 years,55-64,860,820577,104.8
,2018,2018,Wyoming,56,55-64 years,55-64,81,79849,101.4
,2019,2019,Alabama,01,55-64 years,55-64,785,657667,119.4
,2019,2019,Alaska,02,55-64 years,55-64,99,93339,106.1
,2019,2019,Arizona,04,55-64 years,55-64,873,880794,99.1
,2019,2019,Arkansas,05,55-64 years,55-64,888,385994,230.1
,2019,2019,California,06,55-64 years,55-64,4744,4786635,99.1
,2019,2019,Colorado,08,55-64 years,55-64,525,713013,73.6
,2019,2019,Connecticut,09,55-64 years,55-64,393,513455,76.5
,2019,2019,Delaware,10,55-64 years,55-64,129,137730,93.7
,2019,2019,District of Columbia,11,55-64 years,55-64,119,69876,170.3
,2019,2019,Florida,12,55-64 years,55-64,3350,2898355,115.6
,2019,2019,Georgia,13,55-64 years,55-64,1374,1307533,105.1
,2019,2019,Hawaii,15,55-64 years,55-64,159,179137,88.8
,2019,2019,Idaho,16,55-64 years,55-64,200,218360,91.6
,2019,2019,Illinois,17,55-64 years,55-64,1641,1658283,99.0
,2019,2019,Indiana,18,55-64 years,55-64,1111,875082,127.0
,2019,2019,Iowa,19,55-64 years,55-64,615,415696,147.9
,2019,2019,Kansas,20,55-64 years,55-64,454,371505,122.2
,2019,2019,Kentucky,21,55-64 years,55-64,963,598289,161.0
,2019,2019,Louisiana,22,55-64 years,55-64,935,604670,154.6
,2019,2019,Maine,23,55-64 years,55-64,167,211560,78.9
,2019,2019,Maryland,24,55-64 years,55-64,825,818519,100.8
,2019,2019,Massachusetts,25,55-64 years,55-64,662,943190,70.2
,2019,2019,Michigan,26,55-64 years,55-64,2007,1399535,143.4
,2019,2019,Minnesota,27,55-64 years,55-64,469,756421,62.0
,2019,2019,Mississippi,28,55-64 years,55-64,717,385911,185.8
,2019,2019,Missouri,29,55-64 years,55-64,1238,830732,149.0
,2019,2019,Montana,30,55-64 years,55-64,188,150008,125.3
,2019,2019,Nebraska,31,55-64 years,55-64,190,242293,78.4
,2019,2019,Nevada,32,55-64 years,55-64,506,383476,132.0
,2019,2019,New Hampshire,33,55-64 years,55-64,198,214314,92.4
,2019,2019,New Jersey,34,55-64 years,55-64,1064,1223649,87.0
,2019,2019,New Mexico,35,55-64 years,55-64,413,272921,151.3
,2019,2019,New York,36,55-64 years,55-64,2960,2597156,114.0
,2019,2019,North Carolina,37,55-64 years,55-64,1597,1362125,117.2
,2019,2019,North Dakota,38,55-64 years,55-64,111,93878,118.2
,2019,2019,Ohio,39,55-64 years,55-64,2207,1604683,137.5
,2019,2019,Oklahoma,40,55-64 years,55-64,745,493694,150.9
,2019,2019,Oregon,41,55-64 years,55-64,390,538950,72.4
,2019,2019,Pennsylvania,42,55-64 years,55-64,2135,1804883,118.3
,2019,2019,Rhode Island,44,55-64 years,55-64,129,149609,86.2
,2019,2019,South Carolina,45,55-64 years,55-64,866,689144,125.7
,2019,2019,South Dakota,46,55-64 years,55-64,163,117498,138.7
,2019,2019,Tennessee,47,55-64 years,55-64,1780,894697,199.0
,2019,2019,Texas,48,55-64 years,55-64,4121,3275242,125.8
,2019,2019,Utah,49,55-64 years,55-64,205,303134,67.6
,2019,2019,Vermont,50,55-64 years,55-64,118,95379,123.7
,2019,2019,Virginia,51,55-64 years,55-64,1109,1114417,99.5
,2019,2019,Washington,53,55-64 years,55-64,864,959608,90.0
,2019,2019,West Virginia,54,55-64 years,55-64,421,254726,165.3
,2019,2019,Wisconsin,55,55-64 years,55-64,867,823018,105.3
,2019,2019,Wyoming,56,55-64 years,55-64,68,78754,86.3
---,,,,,,,,,
"Dataset: Multiple Cause of Death, 1999-2020",,,,,,,,,
Query Parameters:,,,,,,,,,
Ten-Year Age Groups: 55-64 years,,,,,,,,,
UCD - ICD-10 113 Cause List: Ischemic heart diseases (I20-I25),,,,,,,,,
Year/Month: 1999; 2000; 2001; 2002; 2003; 2004; 2005; 2006; 2007; 2008; 2009; 2010; 2011; 2012; 2013; 2014; 2015; 2016; 2017;,,,,,,,,,
2018; 2019,,,,,,,,,
Group By: Year; State; Ten-Year Age Groups,,,,,,,,,
Show Totals: True,,,,,,,,,
Show Zero Values: True,,,,,,,,,
Show Suppressed: True,,,,,,,,,
"Calculate Rates Per: 100,000",,,,,,,,,
Rate Options: Default intercensal populations for years 2001-2009 (except Infant Age Groups),,,,,,,,,
---,,,,,,,,,
Help: See http://wonder.cdc.gov/wonder/help/mcd.html for more information.,,,,,,,,,
---,,,,,,,,,
"Query Date: Apr 23, 2026 12:41:37 AM",,,,,,,,,
---,,,,,,,,,
"Suggested Citation: Centers for Disease Control and Prevention, National Center for Health Statistics. National Vital Statistics",,,,,,,,,
"System, Mortality 1999-2020 on CDC WONDER Online Database, released in 2021. Data are from the Multiple Cause of Death Files,",,,,,,,,,
"1999-2020, as compiled from data provided by the 57 vital statistics jurisdictions through the Vital Statistics Cooperative",,,,,,,,,
"Program. Accessed at http://wonder.cdc.gov/mcd-icd10.html on Apr 23, 2026 12:41:37 AM",,,,,,,,,
---,,,,,,,,,
Caveats:,,,,,,,,,
"1. As of April 3, 2017, the underlying cause of death has been revised for 125 deaths in 2014. More information:",,,,,,,,,
http://wonder.cdc.gov/wonder/help/mcd.html#2014-Revision.,,,,,,,,,
2. Circumstances in Georgia for the years 2008 and 2009 have resulted in unusually high death counts for the ICD-10 cause of,,,,,,,,,
"death code R99, ""Other ill-defined and unspecified causes of mortality."" Caution should be used in interpreting these data.",,,,,,,,,
More information: http://wonder.cdc.gov/wonder/help/mcd.html#Georgia-Reporting-Anomalies.,,,,,,,,,
3. Circumstances in New Jersey for the year 2009 have resulted in unusually high death counts for the ICD-10 cause of death code,,,,,,,,,
"R99, ""Other ill-defined and unspecified causes of mortality"" and therefore unusually low death counts in other ICD-10 codes,",,,,,,,,,
"most notably R95, ""Sudden Infant Death Syndrome"" and X40-X49, ""Unintentional poisoning."" Caution should be used in",,,,,,,,,
interpreting these data. More information: http://wonder.cdc.gov/wonder/help/mcd.html#New-Jersey-Reporting-Anomalies.,,,,,,,,,
"4. Circumstances in California resulted in unusually high death counts for the ICD-10 cause of death code R99, ""Other",,,,,,,,,
"ill-defined and unspecified causes of mortality"" for deaths occurring in years 2000 and 2001. Caution should be used in",,,,,,,,,
interpreting these data. More information: http://wonder.cdc.gov/wonder/help/mcd.html#California-Reporting-Anomalies.,,,,,,,,,
"5. Deaths of persons with Age ""Not Stated"" are included in ""All"" counts and rates, but are not distributed among age groups,",,,,,,,,,
"so are not included in age-specific counts, age-specific rates or in any age-adjusted rates. More information:",,,,,,,,,
http://wonder.cdc.gov/wonder/help/mcd.html#Not Stated.,,,,,,,,,
"6. The population figures for year 2020 are bridged-race estimates of the July 1 resident population, from the Vintage 2020",,,,,,,,,
"postcensal series released by NCHS on September 22, 2021. The population figures for year 2019 are bridged-race estimates of the",,,,,,,,,
"July 1 resident population, from the Vintage 2019 postcensal series released by NCHS on July 9, 2020. The population figures for",,,,,,,,,
"year 2018 are bridged-race estimates of the July 1 resident population, from the Vintage 2018 postcensal series released by NCHS",,,,,,,,,
"on June 25, 2019. The population figures for year 2017 are bridged-race estimates of the July 1 resident population, from the",,,,,,,,,
"Vintage 2017 postcensal series released by NCHS on June 27, 2018. The population figures for year 2016 are bridged-race",,,,,,,,,
"estimates of the July 1 resident population, from the Vintage 2016 postcensal series released by NCHS on June 26, 2017. The",,,,,,,,,
"population figures for year 2015 are bridged-race estimates of the July 1 resident population, from the Vintage 2015 postcensal",,,,,,,,,
"series released by NCHS on June 28, 2016. The population figures for year 2014 are bridged-race estimates of the July 1 resident",,,,,,,,,
"population, from the Vintage 2014 postcensal series released by NCHS on June 30, 2015. The population figures for year 2013 are",,,,,,,,,
"bridged-race estimates of the July 1 resident population, from the Vintage 2013 postcensal series released by NCHS on June 26,",,,,,,,,,
"2014. The population figures for year 2012 are bridged-race estimates of the July 1 resident population, from the Vintage 2012",,,,,,,,,
"postcensal series released by NCHS on June 13, 2013. Population figures for 2011 are bridged-race estimates of the July 1",,,,,,,,,
"resident population, from the county-level postcensal Vintage 2011 series released by NCHS on July 18, 2012. Population figures",,,,,,,,,
"for 2010 are April 1 Census counts. The population figures for years 2001 - 2009, are bridged-race estimates of the July 1",,,,,,,,,
"resident population, from the revised intercensal county-level 2000 - 2009 series released by NCHS on October 26, 2012.",,,,,,,,,
Population figures for 2000 are April 1 Census counts. Population figures for 1999 are from the 1990-1999 intercensal series of,,,,,,,,,
July 1 estimates. Population figures for Infant Age Groups are the number of live births. <br/><b>Note:</b> Rates and population,,,,,,,,,
"figures for years 2001 - 2009 differ slightly from previously published reports, due to use of the population estimates which",,,,,,,,,
were available at the time of release.,,,,,,,,,
