fips,state,year,unemployment_rate
01,Alabama,1999,4.7
02,Alaska,1999,6.4
04,Arizona,1999,4.5
05,Arkansas,1999,4.5
06,California,1999,5.3
08,Colorado,1999,3.0
09,Connecticut,1999,2.5
10,Delaware,1999,3.2
11,District of Columbia,1999,6.5
12,Florida,1999,3.9
13,Georgia,1999,3.8
15,Hawaii,1999,5.2
16,Idaho,1999,5.0
17,Illinois,1999,4.4
18,Indiana,1999,2.9
19,Iowa,1999,2.7
20,Kansas,1999,3.5
21,Kentucky,1999,4.5
22,Louisiana,1999,4.9
23,Maine,1999,4.0
24,Maryland,1999,3.4
25,Massachusetts,1999,3.3
26,Michigan,1999,3.8
27,Minnesota,1999,2.7
28,Mississippi,1999,5.1
29,Missouri,1999,3.2
30,Montana,1999,5.3
31,Nebraska,1999,2.8
32,Nevada,1999,4.1
33,New Hampshire,1999,2.7
34,New Jersey,1999,4.4
35,New Mexico,1999,5.6
36,New York,1999,5.2
37,North Carolina,1999,3.3
38,North Dakota,1999,3.1
39,Ohio,1999,4.3
40,Oklahoma,1999,3.5
41,Oregon,1999,5.5
42,Pennsylvania,1999,4.5
44,Rhode Island,1999,4.2
45,South Carolina,1999,4.2
46,South Dakota,1999,2.7
47,Tennessee,1999,4.0
48,Texas,1999,4.7
49,Utah,1999,3.5
50,Vermont,1999,3.1
51,Virginia,1999,2.7
53,Washington,1999,4.8
54,West Virginia,1999,6.5
55,Wisconsin,1999,3.1
56,Wyoming,1999,4.7
01,Alabama,2000,4.7
02,Alaska,2000,6.3
04,Arizona,2000,4.0
05,Arkansas,2000,4.2
06,California,2000,4.9
08,Colorado,2000,2.7
09,Connecticut,2000,2.1
10,Delaware,2000,3.4
11,District of Columbia,2000,5.7
12,Florida,2000,3.7
13,Georgia,2000,3.5
15,Hawaii,2000,4.2
16,Idaho,2000,4.6
17,Illinois,2000,4.5
18,Indiana,2000,3.0
19,Iowa,2000,2.7
20,Kansas,2000,3.7
21,Kentucky,2000,4.2
22,Louisiana,2000,5.1
23,Maine,2000,3.3
24,Maryland,2000,3.6
25,Massachusetts,2000,2.8
26,Michigan,2000,3.6
27,Minnesota,2000,3.1
28,Mississippi,2000,5.3
29,Missouri,2000,3.4
30,Montana,2000,4.8
31,Nebraska,2000,2.8
32,Nevada,2000,4.2
33,New Hampshire,2000,2.7
34,New Jersey,2000,3.7
35,New Mexico,2000,5.0
36,New York,2000,4.5
37,North Carolina,2000,3.8
38,North Dakota,2000,2.9
39,Ohio,2000,4.1
40,Oklahoma,2000,3.0
41,Oregon,2000,5.2
42,Pennsylvania,2000,4.2
44,Rhode Island,2000,4.0
45,South Carolina,2000,3.7
46,South Dakota,2000,2.5
47,Tennessee,2000,3.8
48,Texas,2000,4.4
49,Utah,2000,3.3
50,Vermont,2000,2.8
51,Virginia,2000,2.3
53,Washington,2000,5.1
54,West Virginia,2000,5.6
55,Wisconsin,2000,3.4
56,Wyoming,2000,3.8
01,Alabama,2001,5.1
02,Alaska,2001,6.3
04,Arizona,2001,4.7
05,Arkansas,2001,4.8
06,California,2001,5.5
08,Colorado,2001,3.8
09,Connecticut,2001,2.9
10,Delaware,2001,3.5
11,District of Columbia,2001,6.3
12,Florida,2001,4.7
13,Georgia,2001,4.0
15,Hawaii,2001,4.3
16,Idaho,2001,5.1
17,Illinois,2001,5.4
18,Indiana,2001,4.2
19,Iowa,2001,3.3
20,Kansas,2001,4.3
21,Kentucky,2001,5.2
22,Louisiana,2001,5.6
23,Maine,2001,3.8
24,Maryland,2001,4.1
25,Massachusetts,2001,3.8
26,Michigan,2001,5.2
27,Minnesota,2001,3.7
28,Mississippi,2001,5.5
29,Missouri,2001,4.5
30,Montana,2001,4.6
31,Nebraska,2001,3.2
32,Nevada,2001,5.1
33,New Hampshire,2001,3.4
34,New Jersey,2001,4.2
35,New Mexico,2001,5.0
36,New York,2001,4.9
37,North Carolina,2001,5.5
38,North Dakota,2001,2.8
39,Ohio,2001,4.4
40,Oklahoma,2001,3.6
41,Oregon,2001,6.4
42,Pennsylvania,2001,4.8
44,Rhode Island,2001,4.5
45,South Carolina,2001,5.2
46,South Dakota,2001,3.0
47,Tennessee,2001,4.6
48,Texas,2001,5.0
49,Utah,2001,4.4
50,Vermont,2001,3.2
51,Virginia,2001,3.2
53,Washington,2001,6.1
54,West Virginia,2001,5.3
55,Wisconsin,2001,4.4
56,Wyoming,2001,3.9
01,Alabama,2002,5.9
02,Alaska,2002,7.2
04,Arizona,2002,6.2
05,Arkansas,2002,5.3
06,California,2002,6.7
08,Colorado,2002,5.7
09,Connecticut,2002,4.4
10,Delaware,2002,4.1
11,District of Columbia,2002,6.6
12,Florida,2002,5.6
13,Georgia,2002,5.0
15,Hawaii,2002,4.0
16,Idaho,2002,5.7
17,Illinois,2002,6.5
18,Indiana,2002,5.1
19,Iowa,2002,4.0
20,Kansas,2002,5.1
21,Kentucky,2002,5.8
22,Louisiana,2002,6.0
23,Maine,2002,4.4
24,Maryland,2002,4.5
25,Massachusetts,2002,5.2
26,Michigan,2002,6.2
27,Minnesota,2002,4.4
28,Mississippi,2002,6.4
29,Missouri,2002,5.3
30,Montana,2002,4.6
31,Nebraska,2002,3.7
32,Nevada,2002,5.6
33,New Hampshire,2002,4.5
34,New Jersey,2002,5.8
35,New Mexico,2002,5.5
36,New York,2002,6.2
37,North Carolina,2002,6.5
38,North Dakota,2002,3.4
39,Ohio,2002,5.8
40,Oklahoma,2002,4.6
41,Oregon,2002,7.5
42,Pennsylvania,2002,5.6
44,Rhode Island,2002,5.1
45,South Carolina,2002,6.1
46,South Dakota,2002,3.2
47,Tennessee,2002,5.2
48,Texas,2002,6.4
49,Utah,2002,5.7
50,Vermont,2002,3.9
51,Virginia,2002,4.2
53,Washington,2002,7.2
54,West Virginia,2002,6.1
55,Wisconsin,2002,5.3
56,Wyoming,2002,4.1
01,Alabama,2003,5.9
02,Alaska,2003,7.7
04,Arizona,2003,5.8
05,Arkansas,2003,5.8
06,California,2003,6.9
08,Colorado,2003,6.1
09,Connecticut,2003,5.4
10,Delaware,2003,4.3
11,District of Columbia,2003,6.8
12,Florida,2003,5.3
13,Georgia,2003,4.8
15,Hawaii,2003,3.9
16,Idaho,2003,5.6
17,Illinois,2003,6.7
18,Indiana,2003,5.2
19,Iowa,2003,4.5
20,Kansas,2003,5.6
21,Kentucky,2003,6.2
22,Louisiana,2003,6.2
23,Maine,2003,5.1
24,Maryland,2003,4.5
25,Massachusetts,2003,5.7
26,Michigan,2003,7.1
27,Minnesota,2003,4.8
28,Mississippi,2003,6.1
29,Missouri,2003,5.7
30,Montana,2003,4.7
31,Nebraska,2003,3.9
32,Nevada,2003,5.2
33,New Hampshire,2003,4.4
34,New Jersey,2003,5.8
35,New Mexico,2003,5.9
36,New York,2003,6.4
37,North Carolina,2003,6.3
38,North Dakota,2003,3.5
39,Ohio,2003,6.2
40,Oklahoma,2003,5.4
41,Oregon,2003,8.0
42,Pennsylvania,2003,5.7
44,Rhode Island,2003,5.5
45,South Carolina,2003,6.7
46,South Dakota,2003,3.5
47,Tennessee,2003,5.5
48,Texas,2003,6.8
49,Utah,2003,5.6
50,Vermont,2003,4.3
51,Virginia,2003,4.1
53,Washington,2003,7.3
54,West Virginia,2003,6.1
55,Wisconsin,2003,5.6
56,Wyoming,2003,4.3
01,Alabama,2004,5.6
02,Alaska,2004,7.4
04,Arizona,2004,5.0
05,Arkansas,2004,5.6
06,California,2004,6.2
08,Colorado,2004,5.6
09,Connecticut,2004,5.0
10,Delaware,2004,4.0
11,District of Columbia,2004,7.5
12,Florida,2004,4.6
13,Georgia,2004,4.8
15,Hawaii,2004,3.3
16,Idaho,2004,4.9
17,Illinois,2004,6.2
18,Indiana,2004,5.4
19,Iowa,2004,4.5
20,Kansas,2004,5.5
21,Kentucky,2004,5.5
22,Louisiana,2004,5.7
23,Maine,2004,4.7
24,Maryland,2004,4.3
25,Massachusetts,2004,5.1
26,Michigan,2004,7.0
27,Minnesota,2004,4.6
28,Mississippi,2004,6.2
29,Missouri,2004,5.9
30,Montana,2004,4.5
31,Nebraska,2004,3.9
32,Nevada,2004,4.4
33,New Hampshire,2004,3.8
34,New Jersey,2004,4.9
35,New Mexico,2004,5.6
36,New York,2004,5.8
37,North Carolina,2004,5.5
38,North Dakota,2004,3.4
39,Ohio,2004,6.2
40,Oklahoma,2004,4.7
41,Oregon,2004,7.4
42,Pennsylvania,2004,5.4
44,Rhode Island,2004,5.3
45,South Carolina,2004,6.9
46,South Dakota,2004,3.6
47,Tennessee,2004,5.3
48,Texas,2004,6.0
49,Utah,2004,5.0
50,Vermont,2004,3.6
51,Virginia,2004,3.7
53,Washington,2004,6.3
54,West Virginia,2004,5.4
55,Wisconsin,2004,5.0
56,Wyoming,2004,3.8
01,Alabama,2005,4.5
02,Alaska,2005,6.9
04,Arizona,2005,4.6
05,Arkansas,2005,5.3
06,California,2005,5.4
08,Colorado,2005,5.1
09,Connecticut,2005,4.9
10,Delaware,2005,4.1
11,District of Columbia,2005,6.5
12,Florida,2005,3.7
13,Georgia,2005,5.3
15,Hawaii,2005,2.8
16,Idaho,2005,4.0
17,Illinois,2005,5.7
18,Indiana,2005,5.4
19,Iowa,2005,4.3
20,Kansas,2005,5.1
21,Kentucky,2005,5.9
22,Louisiana,2005,7.1
23,Maine,2005,4.9
24,Maryland,2005,4.2
25,Massachusetts,2005,4.8
26,Michigan,2005,6.8
27,Minnesota,2005,4.1
28,Mississippi,2005,7.7
29,Missouri,2005,5.4
30,Montana,2005,4.1
31,Nebraska,2005,3.8
32,Nevada,2005,4.2
33,New Hampshire,2005,3.6
34,New Jersey,2005,4.4
35,New Mexico,2005,5.2
36,New York,2005,5.0
37,North Carolina,2005,5.2
38,North Dakota,2005,3.3
39,Ohio,2005,5.9
40,Oklahoma,2005,4.3
41,Oregon,2005,6.2
42,Pennsylvania,2005,5.0
44,Rhode Island,2005,5.1
45,South Carolina,2005,6.8
46,South Dakota,2005,3.5
47,Tennessee,2005,5.5
48,Texas,2005,5.5
49,Utah,2005,4.0
50,Vermont,2005,3.5
51,Virginia,2005,3.5
53,Washington,2005,5.6
54,West Virginia,2005,5.1
55,Wisconsin,2005,4.7
56,Wyoming,2005,3.6
01,Alabama,2006,4.0
02,Alaska,2006,6.6
04,Arizona,2006,4.3
05,Arkansas,2006,5.2
06,California,2006,4.9
08,Colorado,2006,4.2
09,Connecticut,2006,4.4
10,Delaware,2006,3.6
11,District of Columbia,2006,5.8
12,Florida,2006,3.3
13,Georgia,2006,4.7
15,Hawaii,2006,2.5
16,Idaho,2006,3.4
17,Illinois,2006,4.6
18,Indiana,2006,5.0
19,Iowa,2006,3.7
20,Kansas,2006,4.4
21,Kentucky,2006,5.7
22,Louisiana,2006,4.1
23,Maine,2006,4.7
24,Maryland,2006,3.8
25,Massachusetts,2006,4.7
26,Michigan,2006,6.9
27,Minnesota,2006,4.1
28,Mississippi,2006,6.4
29,Missouri,2006,4.9
30,Montana,2006,3.4
31,Nebraska,2006,3.1
32,Nevada,2006,4.1
33,New Hampshire,2006,3.5
34,New Jersey,2006,4.7
35,New Mexico,2006,4.2
36,New York,2006,4.5
37,North Carolina,2006,4.7
38,North Dakota,2006,3.1
39,Ohio,2006,5.4
40,Oklahoma,2006,3.9
41,Oregon,2006,5.4
42,Pennsylvania,2006,4.7
44,Rhode Island,2006,5.2
45,South Carolina,2006,6.3
46,South Dakota,2006,3.0
47,Tennessee,2006,5.2
48,Texas,2006,5.0
49,Utah,2006,2.8
50,Vermont,2006,3.7
51,Virginia,2006,3.1
53,Washington,2006,5.0
54,West Virginia,2006,4.8
55,Wisconsin,2006,4.7
56,Wyoming,2006,3.1
01,Alabama,2007,4.1
02,Alaska,2007,6.2
04,Arizona,2007,3.7
05,Arkansas,2007,5.4
06,California,2007,5.3
08,Colorado,2007,3.7
09,Connecticut,2007,4.5
10,Delaware,2007,3.4
11,District of Columbia,2007,5.5
12,Florida,2007,4.0
13,Georgia,2007,4.6
15,Hawaii,2007,2.8
16,Idaho,2007,3.0
17,Illinois,2007,5.1
18,Indiana,2007,4.6
19,Iowa,2007,3.7
20,Kansas,2007,4.3
21,Kentucky,2007,5.4
22,Louisiana,2007,4.1
23,Maine,2007,4.7
24,Maryland,2007,3.4
25,Massachusetts,2007,4.5
26,Michigan,2007,7.1
27,Minnesota,2007,4.6
28,Mississippi,2007,6.1
29,Missouri,2007,5.1
30,Montana,2007,3.4
31,Nebraska,2007,3.0
32,Nevada,2007,4.8
33,New Hampshire,2007,3.5
34,New Jersey,2007,4.2
35,New Mexico,2007,3.6
36,New York,2007,4.4
37,North Carolina,2007,4.7
38,North Dakota,2007,3.0
39,Ohio,2007,5.6
40,Oklahoma,2007,4.0
41,Oregon,2007,5.2
42,Pennsylvania,2007,4.6
44,Rhode Island,2007,5.1
45,South Carolina,2007,5.6
46,South Dakota,2007,2.8
47,Tennessee,2007,4.6
48,Texas,2007,4.4
49,Utah,2007,2.6
50,Vermont,2007,3.9
51,Virginia,2007,3.1
53,Washington,2007,4.6
54,West Virginia,2007,4.5
55,Wisconsin,2007,4.8
56,Wyoming,2007,2.7
01,Alabama,2008,5.9
02,Alaska,2008,6.5
04,Arizona,2008,5.8
05,Arkansas,2008,5.4
06,California,2008,7.3
08,Colorado,2008,4.8
09,Connecticut,2008,5.6
10,Delaware,2008,4.8
11,District of Columbia,2008,6.5
12,Florida,2008,6.3
13,Georgia,2008,6.4
15,Hawaii,2008,4.1
16,Idaho,2008,5.0
17,Illinois,2008,6.5
18,Indiana,2008,5.9
19,Iowa,2008,4.1
20,Kansas,2008,4.6
21,Kentucky,2008,6.5
22,Louisiana,2008,4.7
23,Maine,2008,5.4
24,Maryland,2008,4.3
25,Massachusetts,2008,5.3
26,Michigan,2008,8.2
27,Minnesota,2008,5.4
28,Mississippi,2008,6.7
29,Missouri,2008,6.1
30,Montana,2008,4.7
31,Nebraska,2008,3.2
32,Nevada,2008,6.9
33,New Hampshire,2008,3.8
34,New Jersey,2008,5.4
35,New Mexico,2008,4.4
36,New York,2008,5.4
37,North Carolina,2008,5.9
38,North Dakota,2008,3.0
39,Ohio,2008,6.6
40,Oklahoma,2008,3.6
41,Oregon,2008,6.3
42,Pennsylvania,2008,5.4
44,Rhode Island,2008,7.6
45,South Carolina,2008,6.9
46,South Dakota,2008,3.1
47,Tennessee,2008,6.5
48,Texas,2008,4.9
49,Utah,2008,3.3
50,Vermont,2008,4.5
51,Virginia,2008,4.1
53,Washington,2008,5.2
54,West Virginia,2008,4.5
55,Wisconsin,2008,4.9
56,Wyoming,2008,3.0
01,Alabama,2009,9.7
02,Alaska,2009,7.8
04,Arizona,2009,9.7
05,Arkansas,2009,7.7
06,California,2009,11.5
08,Colorado,2009,8.0
09,Connecticut,2009,8.3
10,Delaware,2009,8.2
11,District of Columbia,2009,9.6
12,Florida,2009,10.2
13,Georgia,2009,9.9
15,Hawaii,2009,6.5
16,Idaho,2009,9.1
17,Illinois,2009,10.0
18,Indiana,2009,10.2
19,Iowa,2009,6.5
20,Kansas,2009,7.1
21,Kentucky,2009,10.6
22,Louisiana,2009,6.7
23,Maine,2009,8.3
24,Maryland,2009,7.1
25,Massachusetts,2009,8.1
26,Michigan,2009,13.5
27,Minnesota,2009,7.7
28,Mississippi,2009,9.2
29,Missouri,2009,9.1
30,Montana,2009,7.1
31,Nebraska,2009,4.6
32,Nevada,2009,11.1
33,New Hampshire,2009,6.1
34,New Jersey,2009,8.9
35,New Mexico,2009,7.1
36,New York,2009,8.4
37,North Carolina,2009,10.8
38,North Dakota,2009,3.9
39,Ohio,2009,10.2
40,Oklahoma,2009,6.5
41,Oregon,2009,10.6
42,Pennsylvania,2009,8.0
44,Rhode Island,2009,11.2
45,South Carolina,2009,11.0
46,South Dakota,2009,4.6
47,Tennessee,2009,10.4
48,Texas,2009,7.6
49,Utah,2009,7.6
50,Vermont,2009,6.5
51,Virginia,2009,6.8
53,Washington,2009,9.1
54,West Virginia,2009,8.0
55,Wisconsin,2009,8.8
56,Wyoming,2009,6.3
01,Alabama,2010,10.4
02,Alaska,2010,8.0
04,Arizona,2010,10.4
05,Arkansas,2010,7.8
06,California,2010,12.3
08,Colorado,2010,9.2
09,Connecticut,2010,9.5
10,Delaware,2010,8.3
11,District of Columbia,2010,9.8
12,Florida,2010,11.3
13,Georgia,2010,10.4
15,Hawaii,2010,6.7
16,Idaho,2010,9.1
17,Illinois,2010,10.4
18,Indiana,2010,10.0
19,Iowa,2010,6.1
20,Kansas,2010,7.0
21,Kentucky,2010,10.3
22,Louisiana,2010,7.4
23,Maine,2010,8.4
24,Maryland,2010,7.8
25,Massachusetts,2010,8.1
26,Michigan,2010,12.8
27,Minnesota,2010,7.4
28,Mississippi,2010,10.1
29,Missouri,2010,9.4
30,Montana,2010,7.2
31,Nebraska,2010,4.7
32,Nevada,2010,13.3
33,New Hampshire,2010,6.1
34,New Jersey,2010,9.7
35,New Mexico,2010,7.8
36,New York,2010,8.7
37,North Carolina,2010,10.8
38,North Dakota,2010,3.7
39,Ohio,2010,10.0
40,Oklahoma,2010,6.5
41,Oregon,2010,10.6
42,Pennsylvania,2010,8.2
44,Rhode Island,2010,11.6
45,South Carolina,2010,11.1
46,South Dakota,2010,4.9
47,Tennessee,2010,9.8
48,Texas,2010,8.3
49,Utah,2010,8.3
50,Vermont,2010,6.2
51,Virginia,2010,6.8
53,Washington,2010,10.0
54,West Virginia,2010,8.4
55,Wisconsin,2010,8.4
56,Wyoming,2010,6.9
01,Alabama,2011,9.6
02,Alaska,2011,7.6
04,Arizona,2011,9.5
05,Arkansas,2011,7.9
06,California,2011,11.7
08,Colorado,2011,8.7
09,Connecticut,2011,9.0
10,Delaware,2011,7.4
11,District of Columbia,2011,10.1
12,Florida,2011,10.2
13,Georgia,2011,10.0
15,Hawaii,2011,6.7
16,Idaho,2011,8.4
17,Illinois,2011,9.8
18,Indiana,2011,8.9
19,Iowa,2011,5.6
20,Kansas,2011,6.4
21,Kentucky,2011,9.4
22,Louisiana,2011,7.3
23,Maine,2011,7.8
24,Maryland,2011,7.3
25,Massachusetts,2011,7.2
26,Michigan,2011,10.1
27,Minnesota,2011,6.6
28,Mississippi,2011,9.8
29,Missouri,2011,8.6
30,Montana,2011,6.6
31,Nebraska,2011,4.4
32,Nevada,2011,13.0
33,New Hampshire,2011,5.5
34,New Jersey,2011,9.4
35,New Mexico,2011,7.2
36,New York,2011,8.4
37,North Carolina,2011,10.4
38,North Dakota,2011,3.3
39,Ohio,2011,8.8
40,Oklahoma,2011,5.6
41,Oregon,2011,9.5
42,Pennsylvania,2011,7.7
44,Rhode Island,2011,11.1
45,South Carolina,2011,10.3
46,South Dakota,2011,4.6
47,Tennessee,2011,9.0
48,Texas,2011,8.0
49,Utah,2011,7.2
50,Vermont,2011,5.4
51,Virginia,2011,6.3
53,Washington,2011,9.4
54,West Virginia,2011,7.7
55,Wisconsin,2011,7.5
56,Wyoming,2011,6.1
01,Alabama,2012,8.2
02,Alaska,2012,7.1
04,Arizona,2012,8.4
05,Arkansas,2012,7.2
06,California,2012,10.4
08,Colorado,2012,8.0
09,Connecticut,2012,8.4
10,Delaware,2012,7.0
11,District of Columbia,2012,8.9
12,Florida,2012,8.7
13,Georgia,2012,9.0
15,Hawaii,2012,5.8
16,Idaho,2012,7.5
17,Illinois,2012,9.0
18,Indiana,2012,8.2
19,Iowa,2012,5.0
20,Kansas,2012,5.7
21,Kentucky,2012,8.2
22,Louisiana,2012,6.7
23,Maine,2012,7.2
24,Maryland,2012,6.9
25,Massachusetts,2012,6.7
26,Michigan,2012,9.1
27,Minnesota,2012,5.7
28,Mississippi,2012,8.8
29,Missouri,2012,7.1
30,Montana,2012,5.8
31,Nebraska,2012,3.9
32,Nevada,2012,11.5
33,New Hampshire,2012,5.5
34,New Jersey,2012,9.4
35,New Mexico,2012,6.9
36,New York,2012,8.6
37,North Carolina,2012,9.6
38,North Dakota,2012,2.9
39,Ohio,2012,7.4
40,Oklahoma,2012,5.1
41,Oregon,2012,8.7
42,Pennsylvania,2012,7.6
44,Rhode Island,2012,10.3
45,South Carolina,2012,9.0
46,South Dakota,2012,4.0
47,Tennessee,2012,7.9
48,Texas,2012,6.7
49,Utah,2012,4.8
50,Vermont,2012,4.8
51,Virginia,2012,5.8
53,Washington,2012,8.5
54,West Virginia,2012,7.2
55,Wisconsin,2012,6.9
56,Wyoming,2012,5.4
01,Alabama,2013,7.4
02,Alaska,2013,6.9
04,Arizona,2013,7.8
05,Arkansas,2013,7.0
06,California,2013,9.0
08,Colorado,2013,6.7
09,Connecticut,2013,7.9
10,Delaware,2013,6.5
11,District of Columbia,2013,8.4
12,Florida,2013,7.5
13,Georgia,2013,8.1
15,Hawaii,2013,4.7
16,Idaho,2013,6.9
17,Illinois,2013,9.1
18,Indiana,2013,7.5
19,Iowa,2013,4.7
20,Kansas,2013,5.3
21,Kentucky,2013,7.9
22,Louisiana,2013,6.4
23,Maine,2013,6.7
24,Maryland,2013,6.6
25,Massachusetts,2013,6.7
26,Michigan,2013,8.8
27,Minnesota,2013,5.0
28,Mississippi,2013,8.5
29,Missouri,2013,6.8
30,Montana,2013,5.3
31,Nebraska,2013,3.7
32,Nevada,2013,10.0
33,New Hampshire,2013,5.2
34,New Jersey,2013,8.4
35,New Mexico,2013,6.9
36,New York,2013,7.8
37,North Carolina,2013,7.8
38,North Dakota,2013,2.9
39,Ohio,2013,7.4
40,Oklahoma,2013,5.1
41,Oregon,2013,7.8
42,Pennsylvania,2013,7.1
44,Rhode Island,2013,9.5
45,South Carolina,2013,7.4
46,South Dakota,2013,3.7
47,Tennessee,2013,7.7
48,Texas,2013,6.3
49,Utah,2013,4.2
50,Vermont,2013,4.4
51,Virginia,2013,5.5
53,Washington,2013,6.7
54,West Virginia,2013,6.7
55,Wisconsin,2013,6.7
56,Wyoming,2013,4.7
01,Alabama,2014,6.8
02,Alaska,2014,6.7
04,Arizona,2014,6.8
05,Arkansas,2014,5.9
06,California,2014,7.6
08,Colorado,2014,5.0
09,Connecticut,2014,6.6
10,Delaware,2014,5.6
11,District of Columbia,2014,7.7
12,Florida,2014,6.5
13,Georgia,2014,7.1
15,Hawaii,2014,4.2
16,Idaho,2014,4.4
17,Illinois,2014,7.2
18,Indiana,2014,5.9
19,Iowa,2014,4.3
20,Kansas,2014,4.5
21,Kentucky,2014,6.4
22,Louisiana,2014,6.2
23,Maine,2014,5.6
24,Maryland,2014,5.7
25,Massachusetts,2014,5.7
26,Michigan,2014,7.2
27,Minnesota,2014,4.2
28,Mississippi,2014,7.6
29,Missouri,2014,6.2
30,Montana,2014,4.6
31,Nebraska,2014,3.2
32,Nevada,2014,8.2
33,New Hampshire,2014,4.3
34,New Jersey,2014,6.7
35,New Mexico,2014,6.6
36,New York,2014,6.3
37,North Carolina,2014,6.1
38,North Dakota,2014,2.7
39,Ohio,2014,5.8
40,Oklahoma,2014,4.3
41,Oregon,2014,6.7
42,Pennsylvania,2014,6.0
44,Rhode Island,2014,7.8
45,South Carolina,2014,6.3
46,South Dakota,2014,3.4
47,Tennessee,2014,6.5
48,Texas,2014,5.2
49,Utah,2014,3.6
50,Vermont,2014,3.9
51,Virginia,2014,5.1
53,Washington,2014,5.9
54,West Virginia,2014,6.5
55,Wisconsin,2014,5.3
56,Wyoming,2014,4.4
01,Alabama,2015,6.1
02,Alaska,2015,6.3
04,Arizona,2015,6.1
05,Arkansas,2015,5.0
06,California,2015,6.2
08,Colorado,2015,3.7
09,Connecticut,2015,5.6
10,Delaware,2015,4.8
11,District of Columbia,2015,6.9
12,Florida,2015,5.5
13,Georgia,2015,6.1
15,Hawaii,2015,3.4
16,Idaho,2015,3.9
17,Illinois,2015,6.0
18,Indiana,2015,4.8
19,Iowa,2015,3.7
20,Kansas,2015,4.2
21,Kentucky,2015,5.3
22,Louisiana,2015,6.3
23,Maine,2015,4.4
24,Maryland,2015,5.0
25,Massachusetts,2015,4.8
26,Michigan,2015,5.4
27,Minnesota,2015,3.8
28,Mississippi,2015,6.5
29,Missouri,2015,5.1
30,Montana,2015,4.3
31,Nebraska,2015,3.0
32,Nevada,2015,6.9
33,New Hampshire,2015,3.4
34,New Jersey,2015,5.7
35,New Mexico,2015,6.6
36,New York,2015,5.2
37,North Carolina,2015,5.7
38,North Dakota,2015,2.8
39,Ohio,2015,5.0
40,Oklahoma,2015,4.3
41,Oregon,2015,5.5
42,Pennsylvania,2015,5.4
44,Rhode Island,2015,6.0
45,South Carolina,2015,5.9
46,South Dakota,2015,3.0
47,Tennessee,2015,5.5
48,Texas,2015,4.5
49,Utah,2015,3.5
50,Vermont,2015,3.5
51,Virginia,2015,4.4
53,Washington,2015,5.5
54,West Virginia,2015,6.5
55,Wisconsin,2015,4.4
56,Wyoming,2015,4.2
01,Alabama,2016,5.8
02,Alaska,2016,6.6
04,Arizona,2016,5.5
05,Arkansas,2016,4.0
06,California,2016,5.5
08,Colorado,2016,3.1
09,Connecticut,2016,4.9
10,Delaware,2016,4.5
11,District of Columbia,2016,6.2
12,Florida,2016,4.9
13,Georgia,2016,5.4
15,Hawaii,2016,2.9
16,Idaho,2016,3.7
17,Illinois,2016,5.9
18,Indiana,2016,4.4
19,Iowa,2016,3.6
20,Kansas,2016,4.0
21,Kentucky,2016,5.1
22,Louisiana,2016,6.0
23,Maine,2016,3.8
24,Maryland,2016,4.2
25,Massachusetts,2016,4.0
26,Michigan,2016,5.0
27,Minnesota,2016,3.9
28,Mississippi,2016,6.0
29,Missouri,2016,4.6
30,Montana,2016,4.3
31,Nebraska,2016,3.1
32,Nevada,2016,5.8
33,New Hampshire,2016,2.9
34,New Jersey,2016,4.9
35,New Mexico,2016,6.8
36,New York,2016,4.9
37,North Carolina,2016,5.1
38,North Dakota,2016,3.0
39,Ohio,2016,5.0
40,Oklahoma,2016,4.6
41,Oregon,2016,4.8
42,Pennsylvania,2016,5.3
44,Rhode Island,2016,5.2
45,South Carolina,2016,4.9
46,South Dakota,2016,3.0
47,Tennessee,2016,4.7
48,Texas,2016,4.6
49,Utah,2016,3.3
50,Vermont,2016,3.1
51,Virginia,2016,4.0
53,Washington,2016,5.2
54,West Virginia,2016,6.1
55,Wisconsin,2016,3.9
56,Wyoming,2016,5.3
01,Alabama,2017,4.5
02,Alaska,2017,6.6
04,Arizona,2017,5.0
05,Arkansas,2017,3.7
06,California,2017,4.8
08,Colorado,2017,2.6
09,Connecticut,2017,4.4
10,Delaware,2017,4.4
11,District of Columbia,2017,6.1
12,Florida,2017,4.3
13,Georgia,2017,4.8
15,Hawaii,2017,2.2
16,Idaho,2017,3.2
17,Illinois,2017,5.0
18,Indiana,2017,3.5
19,Iowa,2017,3.1
20,Kansas,2017,3.6
21,Kentucky,2017,4.8
22,Louisiana,2017,5.1
23,Maine,2017,3.4
24,Maryland,2017,4.1
25,Massachusetts,2017,3.8
26,Michigan,2017,4.6
27,Minnesota,2017,3.4
28,Mississippi,2017,5.2
29,Missouri,2017,3.8
30,Montana,2017,4.1
31,Nebraska,2017,3.0
32,Nevada,2017,5.0
33,New Hampshire,2017,2.8
34,New Jersey,2017,4.5
35,New Mexico,2017,6.1
36,New York,2017,4.6
37,North Carolina,2017,4.5
38,North Dakota,2017,2.6
39,Ohio,2017,4.9
40,Oklahoma,2017,4.0
41,Oregon,2017,4.1
42,Pennsylvania,2017,5.0
44,Rhode Island,2017,4.5
45,South Carolina,2017,4.2
46,South Dakota,2017,3.0
47,Tennessee,2017,3.7
48,Texas,2017,4.4
49,Utah,2017,3.1
50,Vermont,2017,2.9
51,Virginia,2017,3.6
53,Washington,2017,4.7
54,West Virginia,2017,5.2
55,Wisconsin,2017,3.3
56,Wyoming,2017,4.3
01,Alabama,2018,3.9
02,Alaska,2018,6.1
04,Arizona,2018,4.8
05,Arkansas,2018,3.6
06,California,2018,4.3
08,Colorado,2018,3.0
09,Connecticut,2018,3.9
10,Delaware,2018,3.7
11,District of Columbia,2018,5.7
12,Florida,2018,3.6
13,Georgia,2018,4.0
15,Hawaii,2018,2.4
16,Idaho,2018,2.9
17,Illinois,2018,4.4
18,Indiana,2018,3.4
19,Iowa,2018,2.6
20,Kansas,2018,3.3
21,Kentucky,2018,4.2
22,Louisiana,2018,4.8
23,Maine,2018,3.2
24,Maryland,2018,3.8
25,Massachusetts,2018,3.5
26,Michigan,2018,4.2
27,Minnesota,2018,3.0
28,Mississippi,2018,4.9
29,Missouri,2018,3.2
30,Montana,2018,3.7
31,Nebraska,2018,2.9
32,Nevada,2018,4.4
33,New Hampshire,2018,2.6
34,New Jersey,2018,4.0
35,New Mexico,2018,4.9
36,New York,2018,4.1
37,North Carolina,2018,4.0
38,North Dakota,2018,2.4
39,Ohio,2018,4.5
40,Oklahoma,2018,3.3
41,Oregon,2018,4.0
42,Pennsylvania,2018,4.4
44,Rhode Island,2018,4.0
45,South Carolina,2018,3.4
46,South Dakota,2018,2.8
47,Tennessee,2018,3.5
48,Texas,2018,3.9
49,Utah,2018,2.9
50,Vermont,2018,2.5
51,Virginia,2018,3.0
53,Washington,2018,4.4
54,West Virginia,2018,5.1
55,Wisconsin,2018,3.0
56,Wyoming,2018,4.1
01,Alabama,2019,3.2
02,Alaska,2019,5.6
04,Arizona,2019,4.8
05,Arkansas,2019,3.5
06,California,2019,4.1
08,Colorado,2019,2.7
09,Connecticut,2019,3.6
10,Delaware,2019,3.6
11,District of Columbia,2019,5.5
12,Florida,2019,3.2
13,Georgia,2019,3.6
15,Hawaii,2019,2.5
16,Idaho,2019,2.9
17,Illinois,2019,4.0
18,Indiana,2019,3.3
19,Iowa,2019,2.7
20,Kansas,2019,3.2
21,Kentucky,2019,4.1
22,Louisiana,2019,4.6
23,Maine,2019,2.9
24,Maryland,2019,3.4
25,Massachusetts,2019,3.0
26,Michigan,2019,4.1
27,Minnesota,2019,3.3
28,Mississippi,2019,5.5
29,Missouri,2019,3.2
30,Montana,2019,3.5
31,Nebraska,2019,3.1
32,Nevada,2019,4.1
33,New Hampshire,2019,2.6
34,New Jersey,2019,3.5
35,New Mexico,2019,5.0
36,New York,2019,3.9
37,North Carolina,2019,3.9
38,North Dakota,2019,2.2
39,Ohio,2019,4.1
40,Oklahoma,2019,3.1
41,Oregon,2019,3.7
42,Pennsylvania,2019,4.3
44,Rhode Island,2019,3.5
45,South Carolina,2019,2.8
46,South Dakota,2019,2.7
47,Tennessee,2019,3.3
48,Texas,2019,3.5
49,Utah,2019,2.5
50,Vermont,2019,2.1
51,Virginia,2019,2.8
53,Washington,2019,4.2
54,West Virginia,2019,4.9
55,Wisconsin,2019,3.2
56,Wyoming,2019,3.7
