year,state,state_code,deaths,population,crude_rate
1999,Alabama,01,958,478379,200.25962678127595
2000,Alabama,01,956,488458,195.7179532324171
2001,Alabama,01,947,504869,187.5734101321333
2002,Alabama,01,939,519029,180.9147465748542
2003,Alabama,01,893,532843,167.59157950841055
2004,Alabama,01,867,546430,158.66625185293634
2005,Alabama,01,868,561373,154.62090267968
2006,Alabama,01,916,576970,158.7604208191067
2007,Alabama,01,897,590024,152.02771412688298
2008,Alabama,01,884,600629,147.17904063906337
2009,Alabama,01,956,611247,156.40158561105412
2010,Alabama,01,887,619064,143.28082395358152
2011,Alabama,01,971,624610,155.45700517122685
2012,Alabama,01,864,621183,139.08944707115293
2013,Alabama,01,878,620025,141.60719325833634
2014,Alabama,01,846,619182,136.631878833687
2015,Alabama,01,883,619398,142.55777383846896
2016,Alabama,01,815,620311,131.38570813672496
2017,Alabama,01,904,618899,146.06583626730693
2018,Alabama,01,872,615910,141.57912682047703
2019,Alabama,01,765,611582,125.08543416908935
1999,Alaska,02,83,72004,115.27137381256597
2000,Alaska,02,94,74167,126.74100341122062
2001,Alaska,02,88,78258,112.44856755858825
2002,Alaska,02,120,82185,146.0120459937945
2003,Alaska,02,84,85617,98.11135638950208
2004,Alaska,02,97,89126,108.83468348181226
2005,Alaska,02,96,92372,103.92759710734853
2006,Alaska,02,78,95405,81.75672134584141
2007,Alaska,02,89,97267,91.50071452805165
2008,Alaska,02,79,99122,79.69976392728152
2009,Alaska,02,128,102585,124.7745771798996
2010,Alaska,02,106,103311,102.60282060961562
2011,Alaska,02,137,104964,130.52094051293776
2012,Alaska,02,126,104008,121.14452734405046
2013,Alaska,02,107,100777,106.17502009387061
2014,Alaska,02,134,99177,135.11197152565614
2015,Alaska,02,124,97624,127.01794640662132
2016,Alaska,02,132,98462,134.06187158497696
2017,Alaska,02,101,96981,104.14411070209628
2018,Alaska,02,117,94622,123.64989114582232
2019,Alaska,02,96,92568,103.70754472387866
1999,Arizona,04,897,499668,179.51920074929754
2000,Arizona,04,858,518199,165.57345730115264
2001,Arizona,04,883,546584,161.54881957759466
2002,Arizona,04,956,571327,167.32974286179368
2003,Arizona,04,911,595508,152.97863336848542
2004,Arizona,04,935,622019,150.31695173298564
2005,Arizona,04,1022,654740,156.0924947307328
2006,Arizona,04,1021,686036,148.82600913071616
2007,Arizona,04,930,711295,130.74743952930922
2008,Arizona,04,1010,730795,138.20565274803468
2009,Arizona,04,984,746851,131.75318771749653
2010,Arizona,04,970,760529,127.54280244408825
2011,Arizona,04,1023,775479,131.9184658772191
2012,Arizona,04,977,778547,125.49017593029065
2013,Arizona,04,956,783433,122.02702719951802
2014,Arizona,04,882,793466,111.15788200124516
2015,Arizona,04,993,804934,123.36415159503761
2016,Arizona,04,1037,814661,127.29221111603478
2017,Arizona,04,1005,822871,122.13335990695991
2018,Arizona,04,893,834568,107.00146662704537
2019,Arizona,04,895,843189,106.14464847145777
1999,Arkansas,05,610,286189,213.1458581566727
2000,Arkansas,05,664,294114,225.76279945871332
2001,Arkansas,05,697,303880,229.36685533763327
2002,Arkansas,05,750,312126,240.28757617116165
2003,Arkansas,05,707,319831,221.05424427275653
2004,Arkansas,05,720,328205,219.37508569339283
2005,Arkansas,05,735,336790,218.23688351791918
2006,Arkansas,05,785,346014,226.86943302872137
2007,Arkansas,05,745,353186,210.93701335840038
2008,Arkansas,05,800,359310,222.64896607386376
2009,Arkansas,05,767,365304,209.9621137463592
2010,Arkansas,05,750,369819,202.80191120521118
2011,Arkansas,05,818,373989,218.7230105698296
2012,Arkansas,05,778,370878,209.77248583092015
2013,Arkansas,05,700,369128,189.63611538544896
2014,Arkansas,05,820,367943,222.86060612649243
2015,Arkansas,05,772,368705,209.38148384209597
2016,Arkansas,05,758,369009,205.41504407751572
2017,Arkansas,05,851,368268,231.0817122313098
2018,Arkansas,05,781,366385,213.1637485159054
2019,Arkansas,05,830,363792,228.15235079386022
1999,California,06,5059,3287518,153.88508899418954
2000,California,06,4969,3391069,146.5319638143606
2001,California,06,4841,3548583,136.42065015810536
2002,California,06,5049,3681805,137.13382430628457
2003,California,06,5272,3813849,138.23305537266944
2004,California,06,4989,3931655,126.89312770321914
2005,California,06,5220,4056397,128.6856291433013
2006,California,06,5231,4165016,125.59375522206878
2007,California,06,5128,4269171,120.11699695327266
2008,California,06,5112,4369279,116.99870848256657
2009,California,06,5032,4476323,112.41369311374535
2010,California,06,4892,4557674,107.33545225042423
2011,California,06,4985,4650612,107.19019346270984
2012,California,06,5009,4682815,106.96557519355345
2013,California,06,4931,4724940,104.36111358027827
2014,California,06,4742,4796979,98.85388282917228
2015,California,06,4800,4856958,98.8272906621799
2016,California,06,4945,4860809,101.7320367864691
2017,California,06,4822,4882743,98.7559656529127
2018,California,06,4847,4850124,99.93558927565563
2019,California,06,4803,4811890,99.81524930952287
1999,Colorado,08,561,459188,122.17218219988328
2000,Colorado,08,521,475435,109.58385478561739
2001,Colorado,08,505,502169,100.56375443326849
2002,Colorado,08,599,522920,114.549070603534
2003,Colorado,08,557,542401,102.69155108489844
2004,Colorado,08,546,560107,97.48137409459264
2005,Colorado,08,575,580915,98.98177874559961
2006,Colorado,08,607,601534,100.90867681627307
2007,Colorado,08,590,621192,94.97868613890712
2008,Colorado,08,576,637491,90.35421676541316
2009,Colorado,08,572,653609,87.51409481815581
2010,Colorado,08,552,663546,83.18940962646147
2011,Colorado,08,599,674365,88.82430137981656
2012,Colorado,08,583,676251,86.21059340392843
2013,Colorado,08,563,678690,82.95392594557161
2014,Colorado,08,628,684547,91.7395007209147
2015,Colorado,08,599,692463,86.5028167569964
2016,Colorado,08,597,702261,85.0111283411723
2017,Colorado,08,554,705696,78.50405840475219
2018,Colorado,08,529,705850,74.94510165049232
2019,Colorado,08,536,706470,75.87017141562983
1999,Connecticut,09,558,373583,149.3643982729407
2000,Connecticut,09,554,382143,144.97190842171648
2001,Connecticut,09,502,397062,126.42861820068403
2002,Connecticut,09,555,410072,135.34208626777738
2003,Connecticut,09,538,423271,127.10532968240206
2004,Connecticut,09,488,435087,112.16147575082685
2005,Connecticut,09,463,447268,103.51735424845954
2006,Connecticut,09,436,459384,94.9097051704021
2007,Connecticut,09,418,469227,89.0826827953208
2008,Connecticut,09,478,476678,100.27733606333837
2009,Connecticut,09,462,486983,94.86984145237102
2010,Connecticut,09,459,494356,92.8480690029048
2011,Connecticut,09,435,501741,86.6981171560626
2012,Connecticut,09,468,501716,93.27986350843904
2013,Connecticut,09,413,501345,82.37840209835542
2014,Connecticut,09,404,501416,80.57182060404934
2015,Connecticut,09,434,501683,86.5088113410261
2016,Connecticut,09,436,497966,87.55617853427744
2017,Connecticut,09,442,495063,89.2815661845058
2018,Connecticut,09,480,486893,98.58428853978184
2019,Connecticut,09,420,478689,87.7396388887148
1999,Delaware,10,131,81980,159.79507196877287
2000,Delaware,10,167,84269,198.17489230915282
2001,Delaware,10,152,88253,172.23210542417823
2002,Delaware,10,137,91757,149.30740978889895
2003,Delaware,10,153,95349,160.46314067268665
2004,Delaware,10,164,99039,165.59133270731732
2005,Delaware,10,179,102710,174.27709083828253
2006,Delaware,10,167,106198,157.25343226802764
2007,Delaware,10,200,109388,182.8354115625114
2008,Delaware,10,165,112177,147.0889754584273
2009,Delaware,10,153,114586,133.5241652557904
2010,Delaware,10,146,116540,125.2788742062811
2011,Delaware,10,163,119048,136.91956185740204
2012,Delaware,10,134,119023,112.58328222276367
2013,Delaware,10,168,119561,140.5140472227566
2014,Delaware,10,136,120290,113.06010474686175
2015,Delaware,10,157,121700,129.00575184880853
2016,Delaware,10,147,122461,120.03821624843827
2017,Delaware,10,130,122734,105.92011993416656
2018,Delaware,10,112,122342,91.54664792140066
2019,Delaware,10,116,121469,95.49761667585967
1999,District of Columbia,11,103,56621,181.91130499284716
2000,District of Columbia,11,112,58087,192.8142269354589
2001,District of Columbia,11,134,59672,224.56093310095187
2002,District of Columbia,11,135,60819,221.9701080254526
2003,District of Columbia,11,144,61166,235.4249092633162
2004,District of Columbia,11,122,61796,197.4237814745291
2005,District of Columbia,11,148,62537,236.65989734077425
2006,District of Columbia,11,141,63224,223.01657598380365
2007,District of Columbia,11,134,63970,209.4731905580741
2008,District of Columbia,11,141,64978,216.9965218997199
2009,District of Columbia,11,98,66206,148.022837809262
2010,District of Columbia,11,130,67040,193.91408114558473
2011,District of Columbia,11,102,68667,148.54296823801826
2012,District of Columbia,11,111,68890,161.12643344462185
2013,District of Columbia,11,108,70076,154.11838575261146
2014,District of Columbia,11,131,70723,185.22969896639
2015,District of Columbia,11,85,71609,118.70016338728372
2016,District of Columbia,11,102,72062,141.5447808831284
2017,District of Columbia,11,98,71452,137.15501315568494
2018,District of Columbia,11,128,71300,179.52314165497896
2019,District of Columbia,11,106,70654,150.02689161264755
1999,Florida,12,3219,1675619,192.10811049528562
2000,Florida,12,3253,1737908,187.1790681670146
2001,Florida,12,3253,1828782,177.87795374188943
2002,Florida,12,3289,1909565,172.23817989961066
2003,Florida,12,3316,1987634,166.8315192837313
2004,Florida,12,3395,2075322,163.58907196088126
2005,Florida,12,3311,2170083,152.57480935061008
2006,Florida,12,3259,2250025,144.84283507961024
2007,Florida,12,3133,2309495,135.65736232379805
2008,Florida,12,3161,2354588,134.2485394472409
2009,Florida,12,3161,2400513,131.6801866934276
2010,Florida,12,3129,2444245,128.01499031398245
2011,Florida,12,3072,2496719,123.04147963787673
2012,Florida,12,3132,2508035,124.87864005087648
2013,Florida,12,3048,2521620,120.87467580365005
2014,Florida,12,3170,2555662,124.03831179553478
2015,Florida,12,3146,2599711,121.01345111052727
2016,Florida,12,3237,2640390,122.5955256609819
2017,Florida,12,3291,2678413,122.87126742589736
2018,Florida,12,3294,2697483,122.11383723270916
2019,Florida,12,3252,2702971,120.31205662213912
1999,Georgia,13,1546,817028,189.22240119065688
2000,Georgia,13,1497,842865,177.60851381893897
2001,Georgia,13,1507,884462,170.38606520121834
2002,Georgia,13,1523,919103,165.7050406755282
2003,Georgia,13,1523,952789,159.84651376117904
2004,Georgia,13,1539,985363,156.1860958854757
2005,Georgia,13,1455,1023816,142.11538010736305
2006,Georgia,13,1470,1061616,138.46814667450377
2007,Georgia,13,1374,1099545,124.96077923140935
2008,Georgia,13,1260,1129499,111.55388362450962
2009,Georgia,13,1352,1159971,116.55463800388114
2010,Georgia,13,1391,1183809,117.5020632551366
2011,Georgia,13,1338,1208286,110.7353722545821
2012,Georgia,13,1300,1216377,106.87476004561086
2013,Georgia,13,1446,1226946,117.85359746883726
2014,Georgia,13,1443,1239339,116.43303406089859
2015,Georgia,13,1428,1258006,113.51297211619023
2016,Georgia,13,1385,1276547,108.49580939832218
2017,Georgia,13,1415,1290058,109.68499090738557
2018,Georgia,13,1451,1296298,111.93413860084641
2019,Georgia,13,1401,1300919,107.69310003159306
1999,Hawaii,15,200,134134,149.10462671656703
2000,Hawaii,15,187,137851,135.65371306700712
2001,Hawaii,15,170,144216,117.87873744938148
2002,Hawaii,15,182,149907,121.40860666946841
2003,Hawaii,15,180,155074,116.07361646697706
2004,Hawaii,15,195,161860,120.47448412208081
2005,Hawaii,15,186,166672,111.59642891427474
2006,Hawaii,15,200,171410,116.67930692491686
2007,Hawaii,15,169,175673,96.20146522231647
2008,Hawaii,15,197,178989,110.06262954706713
2009,Hawaii,15,194,181488,106.8941197214141
2010,Hawaii,15,180,184071,97.78835340710921
2011,Hawaii,15,197,183873,107.13916670745569
2012,Hawaii,15,209,182814,114.32384828295426
2013,Hawaii,15,189,178370,105.95952234120087
2014,Hawaii,15,225,177181,126.98878547925568
2015,Hawaii,15,189,175476,107.7070368597415
2016,Hawaii,15,162,179508,90.24667424293068
2017,Hawaii,15,181,177230,102.12717937143825
2018,Hawaii,15,193,174078,110.86983995680097
2019,Hawaii,15,181,171729,105.39862224784397
1999,Idaho,16,191,135151,141.32340863182662
2000,Idaho,16,207,139513,148.37326987449197
2001,Idaho,16,190,146451,129.73622576834572
2002,Idaho,16,228,152076,149.92503748125935
2003,Idaho,16,239,157626,151.62473196046338
2004,Idaho,16,223,163236,136.6120218579235
2005,Idaho,16,194,170379,113.86379776850433
2006,Idaho,16,209,177352,117.84473814786415
2007,Idaho,16,225,183254,122.7804031562749
2008,Idaho,16,195,187306,104.1077167842995
2009,Idaho,16,232,190629,121.70236427825776
2010,Idaho,16,190,193189,98.34928489717325
2011,Idaho,16,221,196094,112.70105153650799
2012,Idaho,16,191,195780,97.55848401266728
2013,Idaho,16,198,196312,100.8598557398427
2014,Idaho,16,210,197369,106.39968789424884
2015,Idaho,16,221,198998,111.05639252655804
2016,Idaho,16,221,201311,109.78038954652254
2017,Idaho,16,210,203412,103.23874697657955
2018,Idaho,16,224,205175,109.17509443158278
2019,Idaho,16,193,208171,92.71224137848212
1999,Illinois,17,2511,1267586,198.09306824152364
2000,Illinois,17,2442,1294682,188.6177455158873
2001,Illinois,17,2359,1339498,176.11075193841276
2002,Illinois,17,2516,1377435,182.65834685484253
2003,Illinois,17,2366,1413610,167.37289634340448
2004,Illinois,17,2298,1449281,158.56138319621937
2005,Illinois,17,2350,1487969,157.9333978060027
2006,Illinois,17,2261,1523227,148.43486886721413
2007,Illinois,17,2145,1553775,138.0508760920983
2008,Illinois,17,2221,1579624,140.60308022668684
2009,Illinois,17,2171,1608960,134.9318814638027
2010,Illinois,17,2151,1630601,131.91455175116414
2011,Illinois,17,2139,1652950,129.40500317613964
2012,Illinois,17,2108,1650943,127.68460207287593
2013,Illinois,17,1999,1653525,120.89324322281188
2014,Illinois,17,1949,1657159,117.6109232729026
2015,Illinois,17,1841,1658676,110.99214071946541
2016,Illinois,17,1813,1648512,109.97796800993866
2017,Illinois,17,1666,1639173,101.6366179774801
2018,Illinois,17,1693,1617346,104.67766328293389
2019,Illinois,17,1606,1594799,100.70234556204261
1999,Indiana,18,1255,645853,194.31666338934713
2000,Indiana,18,1303,660275,197.3420165839991
2001,Indiana,18,1242,684100,181.55240461920772
2002,Indiana,18,1211,704164,171.97698263472714
2003,Indiana,18,1258,724582,173.61734075646373
2004,Indiana,18,1312,743363,176.49519817370518
2005,Indiana,18,1228,764440,160.6404688399351
2006,Indiana,18,1187,784519,151.30290024843248
2007,Indiana,18,1191,801782,148.5441179772058
2008,Indiana,18,1256,815876,153.9449622246518
2009,Indiana,18,1166,831621,140.20809960306437
2010,Indiana,18,1217,843007,144.3641630496544
2011,Indiana,18,1285,853882,150.48917766155043
2012,Indiana,18,1237,851696,145.23961601322537
2013,Indiana,18,1180,852760,138.37422017918288
2014,Indiana,18,1143,852718,134.0419693263189
2015,Indiana,18,1177,853897,137.8386386180066
2016,Indiana,18,1185,851428,139.17794575701058
2017,Indiana,18,1240,849017,146.0512569241841
2018,Indiana,18,1203,843028,142.69988659925886
2019,Indiana,18,1134,835926,135.65794101391748
1999,Iowa,19,519,316287,164.0914738828975
2000,Iowa,19,558,322744,172.89244726470514
2001,Iowa,19,519,333468,155.63712260246862
2002,Iowa,19,525,342748,153.17376031369986
2003,Iowa,19,586,351839,166.55345200503638
2004,Iowa,19,541,361103,149.81874977499496
2005,Iowa,19,549,370667,148.111377597682
2006,Iowa,19,542,379971,142.6424648196836
2007,Iowa,19,549,387339,141.73630850495303
2008,Iowa,19,555,393732,140.95882478437107
2009,Iowa,19,605,400355,151.11588465237102
2010,Iowa,19,576,405019,142.21555038158704
2011,Iowa,19,564,409497,137.72994673953656
2012,Iowa,19,610,407559,149.6715812925245
2013,Iowa,19,602,407278,147.8105863808013
2014,Iowa,19,555,406260,136.6120218579235
2015,Iowa,19,520,405291,128.30287373763542
2016,Iowa,19,561,401686,139.66132750456825
2017,Iowa,19,534,398118,134.13108676322096
2018,Iowa,19,566,393152,143.9646752401107
2019,Iowa,19,609,387824,157.02999298650934
1999,Kansas,20,410,278067,147.44647872635014
2000,Kansas,20,432,284754,151.70989696369497
2001,Kansas,20,423,296038,142.88706179612078
2002,Kansas,20,429,305991,140.2002019667245
2003,Kansas,20,467,315111,148.20174478199746
2004,Kansas,20,470,323365,145.34658976698157
2005,Kansas,20,468,332846,140.605565336522
2006,Kansas,20,467,340973,136.96099104621186
2007,Kansas,20,389,349195,111.39907501539255
2008,Kansas,20,429,354547,120.99947256640164
2009,Kansas,20,433,361102,119.91071774734009
2010,Kansas,20,444,364927,121.66816925028841
2011,Kansas,20,444,368541,120.47506247608814
2012,Kansas,20,441,365769,120.56789941192392
2013,Kansas,20,450,362419,124.1656756406259
2014,Kansas,20,463,361283,128.1543831290152
2015,Kansas,20,437,359565,121.5357445802567
2016,Kansas,20,460,358704,128.23943976091707
2017,Kansas,20,459,355293,129.18914811155864
2018,Kansas,20,466,350220,133.0592199189081
2019,Kansas,20,434,345479,125.62268618353069
1999,Kentucky,21,991,441775,224.3223360307849
2000,Kentucky,21,934,453103,206.1341460992313
2001,Kentucky,21,1060,469001,226.0123112743896
2002,Kentucky,21,976,483372,201.91488129225525
2003,Kentucky,21,1091,497557,219.27135986429695
2004,Kentucky,21,989,509769,194.00944349303313
2005,Kentucky,21,1000,524187,190.77161394693115
2006,Kentucky,21,1004,538484,186.44936525504934
2007,Kentucky,21,1011,548696,184.25503375275196
2008,Kentucky,21,1045,559977,186.6148073938751
2009,Kentucky,21,1012,569638,177.65668722943343
2010,Kentucky,21,967,577510,167.44298800020778
2011,Kentucky,21,1027,585372,175.44399117142603
2012,Kentucky,21,1061,581445,182.4764165140297
2013,Kentucky,21,1004,581819,172.56225733432564
2014,Kentucky,21,1033,580261,178.02333777386383
2015,Kentucky,21,1012,580530,174.3234630423923
2016,Kentucky,21,1068,579633,184.2545196702051
2017,Kentucky,21,1028,577307,178.068168236311
2018,Kentucky,21,1081,572921,188.6822092400174
2019,Kentucky,21,977,566759,172.38367630686056
1999,Louisiana,22,1041,453509,229.54340487178862
2000,Louisiana,22,980,464659,210.9073535646571
2001,Louisiana,22,1066,482212,221.06459399600175
2002,Louisiana,22,1056,498371,211.89033872356134
2003,Louisiana,22,1128,514195,219.372028121627
2004,Louisiana,22,1015,529267,191.7746619381144
2005,Louisiana,22,1082,544663,198.6549481055258
2006,Louisiana,22,1067,533394,200.03974547895177
2007,Louisiana,22,1062,547220,194.0718540988999
2008,Louisiana,22,1068,559216,190.98166003833938
2009,Louisiana,22,1047,570571,183.50038820760258
2010,Louisiana,22,1094,578824,189.00391137893385
2011,Louisiana,22,960,585784,163.8829329582235
2012,Louisiana,22,1067,582453,183.19074672119467
2013,Louisiana,22,1069,581971,183.6861286902612
2014,Louisiana,22,1076,581634,184.99606281613524
2015,Louisiana,22,1020,580304,175.7699412721608
2016,Louisiana,22,1028,577145,178.11815055142122
2017,Louisiana,22,956,571874,167.16969122568958
2018,Louisiana,22,944,563619,167.48903071046223
2019,Louisiana,22,884,555378,159.1708710103749
1999,Maine,23,214,151163,141.56903475056728
2000,Maine,23,241,156058,154.4297632931346
2001,Maine,23,223,162424,137.29498103728514
2002,Maine,23,232,168233,137.9039784108944
2003,Maine,23,231,173983,132.77159262686584
2004,Maine,23,179,179674,99.62487616460925
2005,Maine,23,226,184885,122.23814803796955
2006,Maine,23,244,189487,128.76872819771276
2007,Maine,23,232,193688,119.78026516872495
2008,Maine,23,233,196731,118.43583370185686
2009,Maine,23,191,199314,95.8286924149834
2010,Maine,23,185,201212,91.94282647158221
2011,Maine,23,204,203014,100.48568079048736
2012,Maine,23,195,200916,97.0554858746939
2013,Maine,23,185,199504,92.7299703264095
2014,Maine,23,181,198102,91.36707352777862
2015,Maine,23,178,196736,90.47657774886142
2016,Maine,23,199,195051,102.02459869470036
2017,Maine,23,171,193342,88.44431111708785
2018,Maine,23,157,190559,82.38918130342833
2019,Maine,23,157,187640,83.67085909187806
1999,Maryland,24,1005,572623,175.50814410179123
2000,Maryland,24,954,587343,162.4263845827736
2001,Maryland,24,949,611451,155.20458712145373
2002,Maryland,24,980,632122,155.03336381268173
2003,Maryland,24,1008,651358,154.7536070793634
2004,Maryland,24,1011,670911,150.69062811609885
2005,Maryland,24,980,689264,142.1806448617656
2006,Maryland,24,957,706288,135.49713431348118
2007,Maryland,24,962,720586,133.50245494639086
2008,Maryland,24,935,731938,127.74306020455285
2009,Maryland,24,981,749186,130.94211584306169
2010,Maryland,24,949,762236,124.50212270215523
2011,Maryland,24,894,775653,115.25772478157114
2012,Maryland,24,900,778316,115.63426680165897
2013,Maryland,24,879,780610,112.6042453978299
2014,Maryland,24,869,783233,110.95038130415854
2015,Maryland,24,820,786790,104.22094841063053
2016,Maryland,24,838,786601,106.53431663575307
2017,Maryland,24,799,788630,101.31493856434575
2018,Maryland,24,833,779005,106.93127771965518
2019,Maryland,24,763,770730,98.99705474031113
1999,Massachusetts,25,910,667322,136.36595226891964
2000,Massachusetts,25,914,684579,133.51271365320878
2001,Massachusetts,25,893,710209,125.73763497787272
2002,Massachusetts,25,941,731214,128.69009619618882
2003,Massachusetts,25,942,751374,125.37032157088214
2004,Massachusetts,25,896,770573,116.27710807412147
2005,Massachusetts,25,839,790218,106.17323320906384
2006,Massachusetts,25,816,809810,100.76437682913276
2007,Massachusetts,25,882,828061,106.51389209249078
2008,Massachusetts,25,802,844570,94.95956522253928
2009,Massachusetts,25,841,863871,97.35249823179618
2010,Massachusetts,25,865,878494,98.46396218983853
2011,Massachusetts,25,858,894036,95.96928982725528
2012,Massachusetts,25,786,897545,87.57221086407924
2013,Massachusetts,25,824,901285,91.42502094232124
2014,Massachusetts,25,780,905473,86.14282259106567
2015,Massachusetts,25,766,910755,84.10604388666546
2016,Massachusetts,25,708,907590,78.00879251644466
2017,Massachusetts,25,740,906329,81.6480549557611
2018,Massachusetts,25,735,898499,81.80309605241631
2019,Massachusetts,25,680,886598,76.69766906760448
1999,Michigan,26,2223,1068105,208.12560562866008
2000,Michigan,26,2216,1094028,202.5542307875118
2001,Michigan,26,2066,1133443,182.27647971710974
2002,Michigan,26,2115,1167861,181.1003193016977
2003,Michigan,26,2186,1200887,182.03211459529498
2004,Michigan,26,2158,1232197,175.1343332275602
2005,Michigan,26,2243,1261849,177.75502457108576
2006,Michigan,26,2171,1288648,168.47114184789018
2007,Michigan,26,2264,1309423,172.90058292851126
2008,Michigan,26,2116,1322343,160.01899658409354
2009,Michigan,26,2066,1340180,154.15839663328808
2010,Michigan,26,2107,1352440,155.79249356718228
2011,Michigan,26,2291,1364018,167.95966035638827
2012,Michigan,26,2165,1358568,159.3589720941462
2013,Michigan,26,2199,1355762,162.1966097294363
2014,Michigan,26,2258,1352767,166.9171409414925
2015,Michigan,26,2014,1351352,149.03592846275436
2016,Michigan,26,2143,1342035,159.68286967180438
2017,Michigan,26,2051,1333256,153.8339223674973
2018,Michigan,26,1986,1318417,150.63519356925767
2019,Michigan,26,1918,1299256,147.62294728675488
1999,Minnesota,27,638,517402,123.30837530585502
2000,Minnesota,27,571,533402,107.04871747762475
2001,Minnesota,27,650,558200,116.44571838050877
2002,Minnesota,27,598,578419,103.38526224069403
2003,Minnesota,27,596,598074,99.65322017007928
2004,Minnesota,27,596,617884,96.45823487903878
2005,Minnesota,27,624,638180,97.77805634773888
2006,Minnesota,27,578,658218,87.81285227690522
2007,Minnesota,27,565,675848,83.59867899290964
2008,Minnesota,27,592,690532,85.73100160455996
2009,Minnesota,27,578,706143,81.8531090728082
2010,Minnesota,27,582,716332,81.24724289854424
2011,Minnesota,27,588,727918,80.77832942721571
2012,Minnesota,27,615,728610,84.40729608432494
2013,Minnesota,27,619,731173,84.65848711590827
2014,Minnesota,27,617,732690,84.21023898237999
2015,Minnesota,27,561,734100,76.42010625255415
2016,Minnesota,27,574,731130,78.50860995992504
2017,Minnesota,27,605,728368,83.06240801353162
2018,Minnesota,27,587,721042,81.40995947531489
2019,Minnesota,27,501,713191,70.24766156611624
1999,Mississippi,28,759,285023,266.29429905656735
2000,Mississippi,28,735,292613,251.18501228585197
2001,Mississippi,28,700,303215,230.85929126197584
2002,Mississippi,28,764,312388,244.56765304685197
2003,Mississippi,28,695,321197,216.37811062992495
2004,Mississippi,28,777,329669,235.6909506201675
2005,Mississippi,28,793,338694,234.13464661316704
2006,Mississippi,28,730,346088,210.92901227433487
2007,Mississippi,28,758,353611,214.35984740293713
2008,Mississippi,28,704,359235,195.97199604715578
2009,Mississippi,28,687,364417,188.5202940587294
2010,Mississippi,28,701,368697,190.129021934
2011,Mississippi,28,687,371364,184.9936989045788
2012,Mississippi,28,739,368055,200.78520873239054
2013,Mississippi,28,727,366553,198.3342108780995
2014,Mississippi,28,738,365600,201.85995623632388
2015,Mississippi,28,680,364407,186.6045383321396
2016,Mississippi,28,617,364002,169.50456316174086
2017,Mississippi,28,681,362921,187.64414294019912
2018,Mississippi,28,655,360798,181.54202628617676
2019,Mississippi,28,705,357543,197.17908055814263
1999,Missouri,29,1277,590921,216.1033369942852
2000,Missouri,29,1129,605624,186.41929646117063
2001,Missouri,29,1168,629305,185.60157634215523
2002,Missouri,29,1198,648824,184.64175184641752
2003,Missouri,29,1193,668719,178.4007931582623
2004,Missouri,29,1242,687740,180.5915026027278
2005,Missouri,29,1226,708616,173.01331045305213
2006,Missouri,29,1299,729486,178.07058668706458
2007,Missouri,29,1272,747123,170.25309085652563
2008,Missouri,29,1426,761760,187.19806763285024
2009,Missouri,29,1306,776019,168.29484845087558
2010,Missouri,29,1366,786137,173.76106200318773
2011,Missouri,29,1325,794351,166.80283652944354
2012,Missouri,29,1297,789652,164.249568164204
2013,Missouri,29,1309,787562,166.2091365505192
2014,Missouri,29,1375,785793,174.98246993801166
2015,Missouri,29,1300,786054,165.3830398420465
2016,Missouri,29,1272,783703,162.3063839235016
2017,Missouri,29,1202,779089,154.2827584525003
2018,Missouri,29,1246,771511,161.50126180961774
2019,Missouri,29,1220,763171,159.85932379506033
1999,Montana,30,144,108252,133.02294645826404
2000,Montana,30,173,111322,155.40504123174216
2001,Montana,30,149,115778,128.69457064381834
2002,Montana,30,160,119489,133.90353923792148
2003,Montana,30,185,123621,149.65094927237283
2004,Montana,30,156,127559,122.29634914039777
2005,Montana,30,156,131682,118.46721647605595
2006,Montana,30,160,135436,118.13697982811068
2007,Montana,30,187,139000,134.53237410071944
2008,Montana,30,188,141168,133.17465714609543
2009,Montana,30,174,142985,121.69108647760254
2010,Montana,30,179,143940,124.35737112685841
2011,Montana,30,179,144453,123.91573729863693
2012,Montana,30,200,142689,140.16497417460351
2013,Montana,30,192,140718,136.44309896388523
2014,Montana,30,182,139238,130.7114437150778
2015,Montana,30,189,138178,136.78009523947372
2016,Montana,30,180,137476,130.93194448485553
2017,Montana,30,167,135640,123.1200235918608
2018,Montana,30,208,134096,155.11275504116452
2019,Montana,30,185,132368,139.7618759821105
1999,Nebraska,31,227,177744,127.71176523539472
2000,Nebraska,31,189,181657,104.0422334399445
2001,Nebraska,31,201,189068,106.31095690439417
2002,Nebraska,31,229,194951,117.4654143861791
2003,Nebraska,31,204,200904,101.54103452395174
2004,Nebraska,31,197,206944,95.19483531776713
2005,Nebraska,31,202,213245,94.7267227836526
2006,Nebraska,31,200,218962,91.34004987166723
2007,Nebraska,31,214,223563,95.72245854636053
2008,Nebraska,31,184,227806,80.77048014538687
2009,Nebraska,31,191,231656,82.44983941706668
2010,Nebraska,31,227,234500,96.80170575692964
2011,Nebraska,31,214,237511,90.1010900547764
2012,Nebraska,31,210,236896,88.64649466432527
2013,Nebraska,31,210,236054,88.96269497657316
2014,Nebraska,31,232,235731,98.41726374554047
2015,Nebraska,31,249,235684,105.64993805264676
2016,Nebraska,31,198,234822,84.31918644760712
2017,Nebraska,31,219,233285,93.87658872194955
2018,Nebraska,31,226,231141,97.77581649296316
2019,Nebraska,31,200,229020,87.32861758798357
1999,Nevada,32,464,220968,209.98515622171536
2000,Nevada,32,444,231239,192.00913340742693
2001,Nevada,32,489,247530,197.55181190158768
2002,Nevada,32,434,261068,166.2402132777667
2003,Nevada,32,468,273956,170.83035231935054
2004,Nevada,32,440,289021,152.23807266600005
2005,Nevada,32,504,302779,166.45804365560357
2006,Nevada,32,498,315278,157.95583580205405
2007,Nevada,32,481,327199,147.0053392583718
2008,Nevada,32,447,335009,133.4292511544466
2009,Nevada,32,475,341927,138.91854109210445
2010,Nevada,32,470,346898,135.48651188533805
2011,Nevada,32,436,351612,124.00031853292833
2012,Nevada,32,440,354473,124.12793075918336
2013,Nevada,32,493,358572,137.4898207333534
2014,Nevada,32,509,364837,139.5143584669318
2015,Nevada,32,521,371958,140.06957774802532
2016,Nevada,32,563,377807,149.01788479302922
2017,Nevada,32,507,383214,132.30205577040505
2018,Nevada,32,510,385962,132.13736067281235
2019,Nevada,32,511,388736,131.4516792887718
1999,New Hampshire,33,211,140829,149.82709527157047
2000,New Hampshire,33,222,146193,151.85405593975088
2001,New Hampshire,33,221,153434,144.03587210135956
2002,New Hampshire,33,231,159647,144.69423164857466
2003,New Hampshire,33,209,165820,126.0402846460017
2004,New Hampshire,33,189,172179,109.76948408342481
2005,New Hampshire,33,216,178148,121.2475020769248
2006,New Hampshire,33,206,184359,111.7385101893588
2007,New Hampshire,33,198,189136,104.68657473986973
2008,New Hampshire,33,199,193329,102.9333416093809
2009,New Hampshire,33,204,197002,103.5522482005259
2010,New Hampshire,33,188,199943,94.02679763732664
2011,New Hampshire,33,187,202442,92.37213621679297
2012,New Hampshire,33,209,202300,103.31191300049431
2013,New Hampshire,33,210,201748,104.0902512044729
2014,New Hampshire,33,156,201325,77.4866509375388
2015,New Hampshire,33,175,201140,87.004076762454
2016,New Hampshire,33,242,200863,120.48012824661585
2017,New Hampshire,33,193,199847,96.57387901744835
2018,New Hampshire,33,225,198384,113.41640454875393
2019,New Hampshire,33,214,195700,109.35104752171692
1999,New Jersey,34,1402,900235,155.73711308713834
2000,New Jersey,34,1491,919834,162.0944648708354
2001,New Jersey,34,1380,952819,144.83338388508207
2002,New Jersey,34,1359,981605,138.44672755334375
2003,New Jersey,34,1340,1008575,132.86071933173042
2004,New Jersey,34,1280,1035050,123.66552340466643
2005,New Jersey,34,1308,1061831,123.18344444643263
2006,New Jersey,34,1226,1087410,112.74496280151921
2007,New Jersey,34,1230,1110005,110.81031166526277
2008,New Jersey,34,1168,1128352,103.51379711295765
2009,New Jersey,34,1104,1153430,95.7145210372541
2010,New Jersey,34,1222,1171944,104.27119384543971
2011,New Jersey,34,1212,1190096,101.84052378967748
2012,New Jersey,34,1216,1194731,101.78023337470945
2013,New Jersey,34,1252,1200423,104.29656879283385
2014,New Jersey,34,1146,1206993,94.94669811672479
2015,New Jersey,34,1111,1212321,91.64239504223717
2016,New Jersey,34,1146,1207100,94.93828183249109
2017,New Jersey,34,1174,1209362,97.07597890457944
2018,New Jersey,34,1131,1191019,94.96070171844445
2019,New Jersey,34,1095,1176864,93.04388612447998
1999,New Mexico,35,289,190886,151.39926448246598
2000,New Mexico,35,253,196118,129.00396699945952
2001,New Mexico,35,294,203907,144.18337771631187
2002,New Mexico,35,301,211841,142.08769784885834
2003,New Mexico,35,270,219502,123.00571293200062
2004,New Mexico,35,278,227172,122.3742362615111
2005,New Mexico,35,296,235485,125.69802747521074
2006,New Mexico,35,282,244321,115.42192443547627
2007,New Mexico,35,332,252171,131.65669327559473
2008,New Mexico,35,319,257684,123.79503578025799
2009,New Mexico,35,339,262861,128.9654988758317
2010,New Mexico,35,327,266570,122.66946768203474
2011,New Mexico,35,338,268211,126.02018560014317
2012,New Mexico,35,293,265081,110.53225240586839
2013,New Mexico,35,347,260817,133.04347492686443
2014,New Mexico,35,329,258080,127.47985120892746
2015,New Mexico,35,325,255889,127.00819495953324
2016,New Mexico,35,377,254019,148.41409500864108
2017,New Mexico,35,342,251532,135.966795477315
2018,New Mexico,35,347,249021,139.3456776737705
2019,New Mexico,35,425,246011,172.75650275800675
1999,New York,36,3722,1973792,188.57103484055057
2000,New York,36,3659,2013112,181.7583919821649
2001,New York,36,3505,2077140,168.74163513292316
2002,New York,36,3583,2130192,168.20080067899983
2003,New York,36,3406,2182074,156.09003177710747
2004,New York,36,3298,2232087,147.7540973985333
2005,New York,36,3288,2283701,143.97681657975366
2006,New York,36,3310,2329862,142.06850019443212
2007,New York,36,3201,2370498,135.03491671370318
2008,New York,36,3248,2407802,134.89481277945612
2009,New York,36,3165,2454425,128.95077258421014
2010,New York,36,3025,2489508,121.50995297062714
2011,New York,36,2928,2526537,115.88985239479968
2012,New York,36,3013,2528706,119.15185078850605
2013,New York,36,3009,2539435,118.49092416226445
2014,New York,36,2971,2549465,116.53425326490067
2015,New York,36,3040,2559109,118.79134495638912
2016,New York,36,3024,2543910,118.87212991025626
2017,New York,36,2946,2535328,116.1979830617577
2018,New York,36,3019,2484113,121.5323135461229
2019,New York,36,2880,2445384,117.7729141926176
1999,North Carolina,37,1770,850625,208.08229243203527
2000,North Carolina,37,1800,872472,206.31034577613954
2001,North Carolina,37,1701,912629,186.38460973736315
2002,North Carolina,37,1726,947164,182.22820968702356
2003,North Carolina,37,1737,981446,176.98375662033365
2004,North Carolina,37,1681,1013173,165.91440948386898
2005,North Carolina,37,1715,1050198,163.3025391402383
2006,North Carolina,37,1792,1088352,164.65261239010908
2007,North Carolina,37,1756,1127959,155.67941742563337
2008,North Carolina,37,1792,1157597,154.8034419577798
2009,North Carolina,37,1707,1186182,143.9070901429966
2010,North Carolina,37,1704,1205412,141.36245532647757
2011,North Carolina,37,1755,1228967,142.8028580100198
2012,North Carolina,37,1726,1233088,139.97378938080655
2013,North Carolina,37,1770,1243141,142.3812745295988
2014,North Carolina,37,1623,1254510,129.373221417127
2015,North Carolina,37,1674,1270116,131.7989852895326
2016,North Carolina,37,1648,1291652,127.58854552154914
2017,North Carolina,37,1637,1301801,125.74886637819452
2018,North Carolina,37,1685,1308288,128.79427159769102
2019,North Carolina,37,1575,1311408,120.09992313604918
1999,North Dakota,38,125,68748,181.8234712282539
2000,North Dakota,38,128,70324,182.01467493316648
2001,North Dakota,38,120,72871,164.67456189705095
2002,North Dakota,38,111,75107,147.78915414009347
2003,North Dakota,38,129,77279,166.92762587507605
2004,North Dakota,38,102,79721,127.9462124158001
2005,North Dakota,38,97,82177,118.03789381457099
2006,North Dakota,38,123,84283,145.93690305281018
2007,North Dakota,38,105,86212,121.79278986683987
2008,North Dakota,38,118,87775,134.4346340074053
2009,North Dakota,38,119,89461,133.01885737919318
2010,North Dakota,38,114,90701,125.6876991433391
2011,North Dakota,38,106,91861,115.39173316206008
2012,North Dakota,38,100,92277,108.36936614757741
2013,North Dakota,38,104,92649,112.25161631534068
2014,North Dakota,38,122,93014,131.163050723547
2015,North Dakota,38,110,93408,117.76293251113394
2016,North Dakota,38,91,92321,98.56912295144117
2017,North Dakota,38,96,90534,106.03751076943469
2018,North Dakota,38,93,89006,104.48733793227423
2019,North Dakota,38,109,87712,124.27033929222912
1999,Ohio,39,2427,1224787,198.1569040167801
2000,Ohio,39,2490,1249545,199.27253520281383
2001,Ohio,39,2487,1291809,192.52072094249226
2002,Ohio,39,2515,1329008,189.23889096228163
2003,Ohio,39,2318,1365582,169.74447524938086
2004,Ohio,39,2368,1400682,169.0605005276001
2005,Ohio,39,2335,1436040,162.59992757861897
2006,Ohio,39,2450,1468385,166.84997463199366
2007,Ohio,39,2359,1495053,157.78704835213202
2008,Ohio,39,2355,1515775,155.36606686348568
2009,Ohio,39,2097,1541045,136.07649354820919
2010,Ohio,39,2243,1559026,143.87187898085085
2011,Ohio,39,2180,1574209,138.48224727466302
2012,Ohio,39,2245,1563920,143.5495421760704
2013,Ohio,39,2178,1558869,139.71667920781027
2014,Ohio,39,2204,1554036,141.8242563235343
2015,Ohio,39,2218,1551669,142.94285701396367
2016,Ohio,39,2204,1541051,143.01927710374284
2017,Ohio,39,2195,1530338,143.43236592177675
2018,Ohio,39,2203,1512987,145.60600983352796
2019,Ohio,39,2138,1491801,143.3167024288092
1999,Oklahoma,40,936,367078,254.98667858057416
2000,Oklahoma,40,993,375086,264.73928645697254
2001,Oklahoma,40,900,387455,232.28503955298032
2002,Oklahoma,40,1024,398825,256.7542155080549
2003,Oklahoma,40,1020,409114,249.31926064617687
2004,Oklahoma,40,1015,418982,242.25384384054684
2005,Oklahoma,40,955,430037,222.07391457014165
2006,Oklahoma,40,972,442285,219.76779678261755
2007,Oklahoma,40,948,451824,209.8162116222246
2008,Oklahoma,40,943,460313,204.86060571828298
2009,Oklahoma,40,880,468166,187.9675157956793
2010,Oklahoma,40,942,473330,199.01548602454946
2011,Oklahoma,40,900,477402,188.52036648359243
2012,Oklahoma,40,937,474250,197.57511860832895
2013,Oklahoma,40,943,473577,199.1228459152366
2014,Oklahoma,40,936,473555,197.65391559586533
2015,Oklahoma,40,1022,474387,215.43592046156405
2016,Oklahoma,40,880,473229,185.95648195693838
2017,Oklahoma,40,911,470903,193.45810071288565
2018,Oklahoma,40,760,467677,162.50531884185025
2019,Oklahoma,40,702,464397,151.1637672077985
1999,Oregon,41,553,391436,141.27469113724848
2000,Oregon,41,540,401765,134.40692942391698
2001,Oregon,41,521,418622,124.45595310327695
2002,Oregon,41,556,433408,128.28558771411696
2003,Oregon,41,589,446585,131.88978581904902
2004,Oregon,41,495,458387,107.98735566235518
2005,Oregon,41,527,471108,111.8639462713433
2006,Oregon,41,535,484611,110.39782423428275
2007,Oregon,41,527,495226,106.41606054609412
2008,Oregon,41,503,502619,100.07580294417839
2009,Oregon,41,526,509247,103.28975919347586
2010,Oregon,41,459,513563,89.37559754110012
2011,Oregon,41,472,518816,90.97637698143465
2012,Oregon,41,491,516137,95.12978143399911
2013,Oregon,41,455,514132,88.49867349241052
2014,Oregon,41,432,515659,83.77629402376377
2015,Oregon,41,458,519353,88.18664761732387
2016,Oregon,41,448,521270,85.94394459685
2017,Oregon,41,460,521698,88.173617686861
2018,Oregon,41,370,519263,71.25483618128
2019,Oregon,41,386,515928,74.81664108170132
1999,Pennsylvania,42,2510,1347570,186.26119607886787
2000,Pennsylvania,42,2415,1377327,175.33962523060973
2001,Pennsylvania,42,2343,1423999,164.5366323993205
2002,Pennsylvania,42,2364,1466762,161.1713420445853
2003,Pennsylvania,42,2428,1508858,160.91640167596952
2004,Pennsylvania,42,2221,1550050,143.28570046127544
2005,Pennsylvania,42,2366,1591396,148.67449710819935
2006,Pennsylvania,42,2314,1631832,141.80381313762692
2007,Pennsylvania,42,2356,1664493,141.5446024705421
2008,Pennsylvania,42,2232,1688924,132.15514730088506
2009,Pennsylvania,42,2147,1719762,124.84285616265505
2010,Pennsylvania,42,2143,1743042,122.94597605794927
2011,Pennsylvania,42,2113,1765846,119.6593587436277
2012,Pennsylvania,42,2089,1756592,118.92346088334683
2013,Pennsylvania,42,2061,1752531,117.6013434284472
2014,Pennsylvania,42,2045,1748938,116.92810151074538
2015,Pennsylvania,42,2037,1745890,116.67401726340148
2016,Pennsylvania,42,2123,1731361,122.62029698023693
2017,Pennsylvania,42,2121,1717264,123.51042122818623
2018,Pennsylvania,42,2163,1693140,127.75080619440801
2019,Pennsylvania,42,2065,1667299,123.85301016794227
1999,Rhode Island,44,192,108297,177.2902296462506
2000,Rhode Island,44,187,111684,167.43669639339566
2001,Rhode Island,44,187,116487,160.53293500562293
2002,Rhode Island,44,224,120562,185.79651963305187
2003,Rhode Island,44,195,124566,156.54351909830933
2004,Rhode Island,44,203,127965,158.6371273395069
2005,Rhode Island,44,232,130609,177.62941298072874
2006,Rhode Island,44,175,133641,130.94783786412853
2007,Rhode Island,44,203,135883,149.39322799761558
2008,Rhode Island,44,182,137363,132.49565021148345
2009,Rhode Island,44,183,139867,130.83858236753485
2010,Rhode Island,44,153,141450,108.16542948038177
2011,Rhode Island,44,171,142569,119.9419228584054
2012,Rhode Island,44,172,142011,121.11737823126377
2013,Rhode Island,44,168,142066,118.2548956118987
2014,Rhode Island,44,185,141743,130.51790917364528
2015,Rhode Island,44,159,141352,112.48514347161696
2016,Rhode Island,44,118,141095,83.63159573337113
2017,Rhode Island,44,132,140417,94.0057115591417
2018,Rhode Island,44,156,138709,112.46566552999444
2019,Rhode Island,44,136,136887,99.35202027950062
1999,South Carolina,45,1023,430768,237.48282137948965
2000,South Carolina,45,978,443581,220.47833428393008
2001,South Carolina,45,904,461761,195.77227180294568
2002,South Carolina,45,896,477422,187.6746358567473
2003,South Carolina,45,942,492941,191.09792044078299
2004,South Carolina,45,986,508632,193.85331634659244
2005,South Carolina,45,987,524849,188.0540879376735
2006,South Carolina,45,978,542764,180.18881134341999
2007,South Carolina,45,909,559718,162.40321018798753
2008,South Carolina,45,941,573928,163.95784837122426
2009,South Carolina,45,1049,586145,178.9659555229508
2010,South Carolina,45,1027,594199,172.83771934991475
2011,South Carolina,45,1000,603835,165.6081545455298
2012,South Carolina,45,930,602356,154.3937472192524
2013,South Carolina,45,991,605030,163.79353089929424
2014,South Carolina,45,953,609381,156.38820376742956
2015,South Carolina,45,980,615282,159.2765593662743
2016,South Carolina,45,929,622974,149.12339840828028
2017,South Carolina,45,990,626388,158.04900477020632
2018,South Carolina,45,904,629725,143.55472626940332
2019,South Carolina,45,868,632099,137.3202615413092
1999,South Dakota,46,135,78031,173.00816342222961
2000,South Dakota,46,128,80454,159.09712382230842
2001,South Dakota,46,146,83996,173.8178008476594
2002,South Dakota,46,123,86886,141.56480906014778
2003,South Dakota,46,146,90085,162.06915690736525
2004,South Dakota,46,130,93349,139.26233810753195
2005,South Dakota,46,140,96450,145.15292897874548
2006,South Dakota,46,163,99469,163.8701504991505
2007,South Dakota,46,131,102500,127.8048780487805
2008,South Dakota,46,131,104950,124.82134349690328
2009,South Dakota,46,152,106938,142.13843535506555
2010,South Dakota,46,150,108359,138.42874149816814
2011,South Dakota,46,137,110172,124.35101477689432
2012,South Dakota,46,150,110587,135.63981299791115
2013,South Dakota,46,140,110552,126.6372385845575
2014,South Dakota,46,165,110384,149.4781852442383
2015,South Dakota,46,140,110081,127.17907722495252
2016,South Dakota,46,151,109559,137.8252813552515
2017,South Dakota,46,139,108489,128.12358856658278
2018,South Dakota,46,149,107598,138.47841037937508
2019,South Dakota,46,164,106788,153.57530808705098
1999,Tennessee,47,1526,625527,243.9542977361489
2000,Tennessee,47,1564,640729,244.09695830842682
2001,Tennessee,47,1515,663972,228.1722723247366
2002,Tennessee,47,1539,684518,224.82973420713554
2003,Tennessee,47,1649,703725,234.32448754840317
2004,Tennessee,47,1546,722389,214.01211812472226
2005,Tennessee,47,1546,743038,208.06472885639766
2006,Tennessee,47,1685,765789,220.03450036498302
2007,Tennessee,47,1608,783676,205.18683741750417
2008,Tennessee,47,1596,800406,199.39880510640853
2009,Tennessee,47,1607,815502,197.05653695515153
2010,Tennessee,47,1651,827014,199.63386351379785
2011,Tennessee,47,1650,839121,196.63433521506434
2012,Tennessee,47,1672,836336,199.91964951885367
2013,Tennessee,47,1645,836139,196.7376237682969
2014,Tennessee,47,1670,838470,199.17230193089793
2015,Tennessee,47,1687,843988,199.88435854538216
2016,Tennessee,47,1629,849568,191.74451015104148
2017,Tennessee,47,1617,853809,189.38661925559464
2018,Tennessee,47,1666,854610,194.94272241139234
2019,Tennessee,47,1702,853144,199.49738848306967
1999,Texas,48,3737,1994241,187.3895883195662
2000,Texas,48,3838,2060618,186.2548031706993
2001,Texas,48,3857,2166204,178.05340586574488
2002,Texas,48,3799,2257051,168.31697644404136
2003,Texas,48,3702,2346777,157.7482649608378
2004,Texas,48,3773,2437152,154.81184595790498
2005,Texas,48,3851,2533198,152.0212790314851
2006,Texas,48,3849,2638456,145.88077269433336
2007,Texas,48,3945,2730368,144.48601800196897
2008,Texas,48,3949,2814053,140.331401007728
2009,Texas,48,3944,2898986,136.04756973645266
2010,Texas,48,3918,2959891,132.36973929107526
2011,Texas,48,3988,3037792,131.2795609442648
2012,Texas,48,3978,3069204,129.61015299080805
2013,Texas,48,4048,3104118,130.407413635693
2014,Texas,48,4017,3158652,127.17450355404773
2015,Texas,48,4165,3216944,129.47070262957638
2016,Texas,48,4130,3256541,126.8216798130286
2017,Texas,48,4310,3304448,130.43025643012086
2018,Texas,48,4413,3332645,132.4173441815735
2019,Texas,48,4079,3354355,121.60310998686782
1999,Utah,49,179,182845,97.89712598102219
2000,Utah,49,200,188468,106.11881062037055
2001,Utah,49,207,198883,104.08129402714158
2002,Utah,49,182,207588,87.67366129063336
2003,Utah,49,196,215576,90.91921178609863
2004,Utah,49,203,223577,90.79645938535717
2005,Utah,49,210,233228,90.04064692060987
2006,Utah,49,211,243228,86.74988077030605
2007,Utah,49,225,252083,89.25631637198859
2008,Utah,49,218,259656,83.95723572726993
2009,Utah,49,206,266158,77.39763599065216
2010,Utah,49,188,271249,69.30901127746094
2011,Utah,49,237,277869,85.29199011044773
2012,Utah,49,216,281801,76.64983445764919
2013,Utah,49,211,285911,73.79918925819574
2014,Utah,49,214,289926,73.81193821871788
2015,Utah,49,201,295570,68.00419528368914
2016,Utah,49,213,301259,70.70328189365297
2017,Utah,49,263,305718,86.02699219542193
2018,Utah,49,188,310181,60.6097730035044
2019,Utah,49,217,315018,68.88495260588284
1999,Vermont,50,115,72419,158.7981054695591
2000,Vermont,50,93,74698,124.50132533668908
2001,Vermont,50,93,77749,119.61568637538747
2002,Vermont,50,87,80339,108.29111639427924
2003,Vermont,50,106,82709,128.16017603888332
2004,Vermont,50,89,85287,104.35353570884192
2005,Vermont,50,90,87568,102.77727023570253
2006,Vermont,50,108,89734,120.35571801101031
2007,Vermont,50,101,91514,110.36562711716239
2008,Vermont,50,108,92651,116.5664698708055
2009,Vermont,50,92,93893,97.98387526226662
2010,Vermont,50,105,94801,110.75832533412094
2011,Vermont,50,120,95309,125.9062627873548
2012,Vermont,50,84,94345,89.03492500927447
2013,Vermont,50,99,92901,106.56505312106437
2014,Vermont,50,106,91814,115.45080270982638
2015,Vermont,50,127,90927,139.67248452054946
2016,Vermont,50,126,89534,140.72866173744052
2017,Vermont,50,112,88252,126.90930517155418
2018,Vermont,50,124,86681,143.05326426783265
2019,Vermont,50,118,84918,138.95758260910526
1999,Virginia,51,1222,772192,158.2507977290622
2000,Virginia,51,1290,793633,162.5436442285036
2001,Virginia,51,1275,829022,153.7956773161629
2002,Virginia,51,1303,859444,151.60964530556964
2003,Virginia,51,1254,885990,141.53658619171773
2004,Virginia,51,1193,915418,130.32297813676374
2005,Virginia,51,1303,942831,138.20080162828756
2006,Virginia,51,1279,969645,131.90394422701092
2007,Virginia,51,1257,992349,126.6691456332399
2008,Virginia,51,1254,1011482,123.97650180626052
2009,Virginia,51,1230,1035200,118.81761978361669
2010,Virginia,51,1188,1052676,112.85523750897713
2011,Virginia,51,1151,1069551,107.61525163362944
2012,Virginia,51,1147,1070373,107.15890628780808
2013,Virginia,51,1120,1071835,104.49369539154813
2014,Virginia,51,1120,1074475,104.23695293050093
2015,Virginia,51,1163,1080185,107.66674227099989
2016,Virginia,51,1184,1089912,108.6326235512592
2017,Virginia,51,1131,1091262,103.64147198381323
2018,Virginia,51,1132,1084637,104.3667143938479
2019,Virginia,51,1106,1076950,102.69743256418589
1999,Washington,53,886,649041,136.50909572738857
2000,Washington,53,910,667087,136.41399097868793
2001,Washington,53,917,698588,131.2647798129942
2002,Washington,53,974,725932,134.1723467211805
2003,Washington,53,976,751065,129.94880602877248
2004,Washington,53,911,777425,117.18172170948966
2005,Washington,53,953,803948,118.54000507495509
2006,Washington,53,842,830320,101.40668657866847
2007,Washington,53,914,852961,107.15613023338699
2008,Washington,53,974,870282,111.91774620180584
2009,Washington,53,887,887917,99.89672458123901
2010,Washington,53,981,900203,108.97541998860258
2011,Washington,53,876,912922,95.9556238101393
2012,Washington,53,877,912907,96.06674064280371
2013,Washington,53,913,913303,99.96682371567815
2014,Washington,53,930,918729,101.22680355142812
2015,Washington,53,829,927614,89.3690694620823
2016,Washington,53,827,937746,88.190192226893
2017,Washington,53,897,942113,95.21150859822548
2018,Washington,53,917,938542,97.70473777412198
2019,Washington,53,880,934103,94.20802630973245
1999,West Virginia,54,526,220243,238.82711368806275
2000,West Virginia,54,539,224516,240.07197705286035
2001,West Virginia,54,526,230557,228.14314898268105
2002,West Virginia,54,514,236243,217.5725841612238
2003,West Virginia,54,521,241799,215.46821947154453
2004,West Virginia,54,414,246462,167.97721352581738
2005,West Virginia,54,504,251253,200.5946197657341
2006,West Virginia,54,476,255337,186.42029944739696
2007,West Virginia,54,476,258697,183.99904134953246
2008,West Virginia,54,456,261004,174.70996613078725
2009,West Virginia,54,433,264441,163.74162856743092
2010,West Virginia,54,416,267140,155.72359062663773
2011,West Virginia,54,467,268082,174.20043121134577
2012,West Virginia,54,434,264290,164.21355329373037
2013,West Virginia,54,412,261029,157.8368687004126
2014,West Virginia,54,413,257537,160.36530673262484
2015,West Virginia,54,376,254590,147.68844023724418
2016,West Virginia,54,435,250795,173.4484339799438
2017,West Virginia,54,394,246907,159.57425265383324
2018,West Virginia,54,472,243115,194.14680295333486
2019,West Virginia,54,407,238665,170.53191712232626
1999,Wisconsin,55,910,577051,157.69836634890157
2000,Wisconsin,55,885,592650,149.32928372563907
2001,Wisconsin,55,928,617602,150.25858076884467
2002,Wisconsin,55,892,639516,139.48048211459917
2003,Wisconsin,55,886,660479,134.14506744347665
2004,Wisconsin,55,836,682508,122.48940671757693
2005,Wisconsin,55,855,704817,121.30808422611827
2006,Wisconsin,55,816,725701,112.44300338569191
2007,Wisconsin,55,916,744282,123.07163145151972
2008,Wisconsin,55,888,759561,116.90963596077209
2009,Wisconsin,55,899,775208,115.96887545020176
2010,Wisconsin,55,902,785550,114.8240086563554
2011,Wisconsin,55,914,797021,114.67702858519412
2012,Wisconsin,55,951,796223,119.43890091092571
2013,Wisconsin,55,936,797332,117.39150065468336
2014,Wisconsin,55,891,795953,111.9412829652002
2015,Wisconsin,55,897,794916,112.84211161934091
2016,Wisconsin,55,897,789893,113.55968466615097
2017,Wisconsin,55,888,784192,113.23757447155799
2018,Wisconsin,55,867,775048,111.8640393885282
2019,Wisconsin,55,889,765128,116.18970943423844
1999,Wyoming,56,84,58474,143.65358962957896
2000,Wyoming,56,87,60532,143.72563272318772
2001,Wyoming,56,94,63229,148.6659602397634
2002,Wyoming,56,78,65864,118.42584720029151
2003,Wyoming,56,108,68089,158.61592915155165
2004,Wyoming,56,86,70146,122.60143130043053
2005,Wyoming,56,85,72316,117.53968692958681
2006,Wyoming,56,72,74406,96.76638980727361
2007,Wyoming,56,109,76336,142.78977153636555
2008,Wyoming,56,98,77800,125.96401028277634
2009,Wyoming,56,97,79217,122.44846434477448
2010,Wyoming,56,93,79969,116.29506433743074
2011,Wyoming,56,103,80419,128.07918526716324
2012,Wyoming,56,92,80347,114.5033417551371
2013,Wyoming,56,92,79513,115.70435023203754
2014,Wyoming,56,107,78234,136.76917964056548
2015,Wyoming,56,88,77250,113.915857605178
2016,Wyoming,56,92,76442,120.35268569634493
2017,Wyoming,56,82,74882,109.5056221788948
2018,Wyoming,56,90,73332,122.72950417280315
2019,Wyoming,56,72,72115,99.84053248283992
,,,,,
