year,state,state_code,ten_year_age,sex_code,deaths,population,crude_rate
1999,Alabama,01,55-64 years,M,603,194056,310.7
1999,Alaska,02,55-64 years,M,46,23173,198.5
1999,Arizona,04,55-64 years,M,589,203442,289.5
1999,Arkansas,05,55-64 years,M,388,119881,323.7
1999,California,06,55-64 years,M,3222,1223139,263.4
1999,Colorado,08,55-64 years,M,364,161800,225.0
1999,Connecticut,09,55-64 years,M,363,145109,250.2
1999,Delaware,10,55-64 years,M,83,33230,249.8
1999,District of Columbia,11,55-64 years,M,53,22242,238.3
1999,Florida,12,55-64 years,M,2167,708839,305.7
1999,Georgia,13,55-64 years,M,966,308354,313.3
1999,Hawaii,15,55-64 years,M,129,50424,255.8
1999,Idaho,16,55-64 years,M,126,52239,241.2
1999,Illinois,17,55-64 years,M,1604,491627,326.3
1999,Indiana,18,55-64 years,M,782,252551,309.6
1999,Iowa,19,55-64 years,M,335,124230,269.7
1999,Kansas,20,55-64 years,M,266,105733,251.6
1999,Kentucky,21,55-64 years,M,641,175819,364.6
1999,Louisiana,22,55-64 years,M,638,176452,361.6
1999,Maine,23,55-64 years,M,137,58545,234.0
1999,Maryland,24,55-64 years,M,664,219754,302.2
1999,Massachusetts,25,55-64 years,M,596,254634,234.1
1999,Michigan,26,55-64 years,M,1432,411898,347.7
1999,Minnesota,27,55-64 years,M,372,194395,191.4
1999,Mississippi,28,55-64 years,M,483,114647,421.3
1999,Missouri,29,55-64 years,M,808,239259,337.7
1999,Montana,30,55-64 years,M,88,41804,210.5
1999,Nebraska,31,55-64 years,M,147,68387,215.0
1999,Nevada,32,55-64 years,M,297,91487,324.6
1999,New Hampshire,33,55-64 years,M,145,52450,276.5
1999,New Jersey,34,55-64 years,M,891,352541,252.7
1999,New Mexico,35,55-64 years,M,196,74425,263.4
1999,New York,36,55-64 years,M,2477,775941,319.2
1999,North Carolina,37,55-64 years,M,1118,337298,331.5
1999,North Dakota,38,55-64 years,M,82,26261,312.3
1999,Ohio,39,55-64 years,M,1548,477384,324.3
1999,Oklahoma,40,55-64 years,M,620,149688,414.2
1999,Oregon,41,55-64 years,M,357,145281,245.7
1999,Pennsylvania,42,55-64 years,M,1633,532986,306.4
1999,Rhode Island,44,55-64 years,M,120,41269,290.8
1999,South Carolina,45,55-64 years,M,649,172669,375.9
1999,South Dakota,46,55-64 years,M,81,30162,268.5
1999,Tennessee,47,55-64 years,M,962,250764,383.6
1999,Texas,48,55-64 years,M,2380,750046,317.3
1999,Utah,49,55-64 years,M,105,68062,154.3
1999,Vermont,50,55-64 years,M,67,27251,245.9
1999,Virginia,51,55-64 years,M,787,297502,264.5
1999,Washington,53,55-64 years,M,568,239401,237.3
1999,West Virginia,54,55-64 years,M,322,88635,363.3
1999,Wisconsin,55,55-64 years,M,572,220229,259.7
1999,Wyoming,56,55-64 years,M,54,21868,246.9
2000,Alabama,01,55-64 years,M,592,196694,301.0
2000,Alaska,02,55-64 years,M,51,23906,213.3
2000,Arizona,04,55-64 years,M,545,210410,259.0
2000,Arkansas,05,55-64 years,M,434,122870,353.2
2000,California,06,55-64 years,M,3272,1257308,260.2
2000,Colorado,08,55-64 years,M,316,167084,189.1
2000,Connecticut,09,55-64 years,M,345,148030,233.1
2000,Delaware,10,55-64 years,M,116,33990,341.3
2000,District of Columbia,11,55-64 years,M,69,22727,303.6
2000,Florida,12,55-64 years,M,2095,732704,285.9
2000,Georgia,13,55-64 years,M,931,317915,292.8
2000,Hawaii,15,55-64 years,M,122,52198,233.7
2000,Idaho,16,55-64 years,M,139,53724,258.7
2000,Illinois,17,55-64 years,M,1501,497104,301.9
2000,Indiana,18,55-64 years,M,821,256169,320.5
2000,Iowa,19,55-64 years,M,346,125136,276.5
2000,Kansas,20,55-64 years,M,269,107089,251.2
2000,Kentucky,21,55-64 years,M,582,179180,324.8
2000,Louisiana,22,55-64 years,M,639,179454,356.1
2000,Maine,23,55-64 years,M,149,60278,247.2
2000,Maryland,24,55-64 years,M,614,225250,272.6
2000,Massachusetts,25,55-64 years,M,572,260345,219.7
2000,Michigan,26,55-64 years,M,1424,418706,340.1
2000,Minnesota,27,55-64 years,M,361,198851,181.5
2000,Mississippi,28,55-64 years,M,464,116600,397.9
2000,Missouri,29,55-64 years,M,702,243272,288.6
2000,Montana,30,55-64 years,M,109,42800,254.7
2000,Nebraska,31,55-64 years,M,108,69051,156.4
2000,Nevada,32,55-64 years,M,303,95583,317.0
2000,New Hampshire,33,55-64 years,M,136,54400,250.0
2000,New Jersey,34,55-64 years,M,976,358632,272.1
2000,New Mexico,35,55-64 years,M,173,76195,227.0
2000,New York,36,55-64 years,M,2411,786187,306.7
2000,North Carolina,37,55-64 years,M,1133,344460,328.9
2000,North Dakota,38,55-64 years,M,80,26450,302.5
2000,Ohio,39,55-64 years,M,1592,480567,331.3
2000,Oklahoma,40,55-64 years,M,635,152057,417.6
2000,Oregon,41,55-64 years,M,353,149587,236.0
2000,Pennsylvania,42,55-64 years,M,1573,538760,292.0
2000,Rhode Island,44,55-64 years,M,112,42322,264.6
2000,South Carolina,45,55-64 years,M,616,177705,346.6
2000,South Dakota,46,55-64 years,M,77,30611,251.5
2000,Tennessee,47,55-64 years,M,985,255801,385.1
2000,Texas,48,55-64 years,M,2442,770800,316.8
2000,Utah,49,55-64 years,M,126,69520,181.2
2000,Vermont,50,55-64 years,M,57,28183,202.2
2000,Virginia,51,55-64 years,M,816,305857,266.8
2000,Washington,53,55-64 years,M,576,246520,233.7
2000,West Virginia,54,55-64 years,M,340,89789,378.7
2000,Wisconsin,55,55-64 years,M,537,223943,239.8
2000,Wyoming,56,55-64 years,M,58,22582,256.8
2001,Alabama,01,55-64 years,M,571,201485,283.4
2001,Alaska,02,55-64 years,M,46,25443,180.8
2001,Arizona,04,55-64 years,M,596,221049,269.6
2001,Arkansas,05,55-64 years,M,458,125992,363.5
2001,California,06,55-64 years,M,3132,1313640,238.4
2001,Colorado,08,55-64 years,M,306,176624,173.2
2001,Connecticut,09,55-64 years,M,319,153381,208.0
2001,Delaware,10,55-64 years,M,108,35324,305.7
2001,District of Columbia,11,55-64 years,M,87,23313,373.2
2001,Florida,12,55-64 years,M,2152,766856,280.6
2001,Georgia,13,55-64 years,M,920,332781,276.5
2001,Hawaii,15,55-64 years,M,95,55214,172.1
2001,Idaho,16,55-64 years,M,123,56484,217.8
2001,Illinois,17,55-64 years,M,1451,509041,285.0
2001,Indiana,18,55-64 years,M,785,262727,298.8
2001,Iowa,19,55-64 years,M,326,127912,254.9
2001,Kansas,20,55-64 years,M,251,110151,227.9
2001,Kentucky,21,55-64 years,M,651,184085,353.6
2001,Louisiana,22,55-64 years,M,636,184096,345.5
2001,Maine,23,55-64 years,M,135,62620,215.6
2001,Maryland,24,55-64 years,M,597,233749,255.4
2001,Massachusetts,25,55-64 years,M,578,269128,214.8
2001,Michigan,26,55-64 years,M,1304,430507,302.9
2001,Minnesota,27,55-64 years,M,386,206297,187.1
2001,Mississippi,28,55-64 years,M,422,119585,352.9
2001,Missouri,29,55-64 years,M,760,249323,304.8
2001,Montana,30,55-64 years,M,107,44454,240.7
2001,Nebraska,31,55-64 years,M,131,71059,184.4
2001,Nevada,32,55-64 years,M,345,102075,338.0
2001,New Hampshire,33,55-64 years,M,139,56723,245.1
2001,New Jersey,34,55-64 years,M,895,369011,242.5
2001,New Mexico,35,55-64 years,M,185,79037,234.1
2001,New York,36,55-64 years,M,2319,806901,287.4
2001,North Carolina,37,55-64 years,M,1055,359046,293.8
2001,North Dakota,38,55-64 years,M,73,26977,270.6
2001,Ohio,39,55-64 years,M,1536,491046,312.8
2001,Oklahoma,40,55-64 years,M,565,155414,363.5
2001,Oregon,41,55-64 years,M,319,156869,203.4
2001,Pennsylvania,42,55-64 years,M,1482,550478,269.2
2001,Rhode Island,44,55-64 years,M,126,44023,286.2
2001,South Carolina,45,55-64 years,M,575,185016,310.8
2001,South Dakota,46,55-64 years,M,90,31543,285.3
2001,Tennessee,47,55-64 years,M,958,263636,363.4
2001,Texas,48,55-64 years,M,2398,805088,297.9
2001,Utah,49,55-64 years,M,136,72891,186.6
2001,Vermont,50,55-64 years,M,55,29333,187.5
2001,Virginia,51,55-64 years,M,801,318881,251.2
2001,Washington,53,55-64 years,M,588,258680,227.3
2001,West Virginia,54,55-64 years,M,304,91840,331.0
2001,Wisconsin,55,55-64 years,M,571,231407,246.8
2001,Wyoming,56,55-64 years,M,58,23494,246.9
2002,Alabama,01,55-64 years,M,577,212993,270.9
2002,Alaska,02,55-64 years,M,70,28058,249.5
2002,Arizona,04,55-64 years,M,632,236953,266.7
2002,Arkansas,05,55-64 years,M,457,132792,344.1
2002,California,06,55-64 years,M,3267,1402754,232.9
2002,Colorado,08,55-64 years,M,381,191359,199.1
2002,Connecticut,09,55-64 years,M,339,163483,207.4
2002,Delaware,10,55-64 years,M,81,37963,213.4
2002,District of Columbia,11,55-64 years,M,90,24507,367.2
2002,Florida,12,55-64 years,M,2194,818394,268.1
2002,Georgia,13,55-64 years,M,955,356990,267.5
2002,Hawaii,15,55-64 years,M,112,59189,189.2
2002,Idaho,16,55-64 years,M,145,60386,240.1
2002,Illinois,17,55-64 years,M,1537,536673,286.4
2002,Indiana,18,55-64 years,M,753,278013,270.9
2002,Iowa,19,55-64 years,M,324,134720,240.5
2002,Kansas,20,55-64 years,M,244,117000,208.5
2002,Kentucky,21,55-64 years,M,599,195550,306.3
2002,Louisiana,22,55-64 years,M,637,195381,326.0
2002,Maine,23,55-64 years,M,154,67350,228.7
2002,Maryland,24,55-64 years,M,627,249818,251.0
2002,Massachusetts,25,55-64 years,M,584,287556,203.1
2002,Michigan,26,55-64 years,M,1311,457154,286.8
2002,Minnesota,27,55-64 years,M,343,219712,156.1
2002,Mississippi,28,55-64 years,M,459,126448,363.0
2002,Missouri,29,55-64 years,M,770,263321,292.4
2002,Montana,30,55-64 years,M,107,47479,225.4
2002,Nebraska,31,55-64 years,M,159,75051,211.9
2002,Nevada,32,55-64 years,M,304,111082,273.7
2002,New Hampshire,33,55-64 years,M,127,61460,206.6
2002,New Jersey,34,55-64 years,M,873,390822,223.4
2002,New Mexico,35,55-64 years,M,199,84608,235.2
2002,New York,36,55-64 years,M,2341,850193,275.3
2002,North Carolina,37,55-64 years,M,1075,384501,279.6
2002,North Dakota,38,55-64 years,M,69,28418,242.8
2002,Ohio,39,55-64 years,M,1554,521442,298.0
2002,Oklahoma,40,55-64 years,M,679,164052,413.9
2002,Oregon,41,55-64 years,M,352,169625,207.5
2002,Pennsylvania,42,55-64 years,M,1527,584387,261.3
2002,Rhode Island,44,55-64 years,M,150,47327,316.9
2002,South Carolina,45,55-64 years,M,583,197815,294.7
2002,South Dakota,46,55-64 years,M,74,33372,221.7
2002,Tennessee,47,55-64 years,M,985,281358,350.1
2002,Texas,48,55-64 years,M,2381,861684,276.3
2002,Utah,49,55-64 years,M,97,77902,124.5
2002,Vermont,50,55-64 years,M,61,31584,193.1
2002,Virginia,51,55-64 years,M,784,342072,229.2
2002,Washington,53,55-64 years,M,626,280030,223.5
2002,West Virginia,54,55-64 years,M,288,97599,295.1
2002,Wisconsin,55,55-64 years,M,563,245992,228.9
2002,Wyoming,56,55-64 years,M,56,25302,221.3
2003,Alabama,01,55-64 years,M,540,222255,243.0
2003,Alaska,02,55-64 years,M,47,30106,156.1
2003,Arizona,04,55-64 years,M,598,251298,238.0
2003,Arkansas,05,55-64 years,M,437,137956,316.8
2003,California,06,55-64 years,M,3358,1476641,227.4
2003,Colorado,08,55-64 years,M,345,204480,168.7
2003,Connecticut,09,55-64 years,M,339,171089,198.1
2003,Delaware,10,55-64 years,M,90,40029,224.8
2003,District of Columbia,11,55-64 years,M,89,25100,354.6
2003,Florida,12,55-64 years,M,2176,862008,252.4
2003,Georgia,13,55-64 years,M,965,378497,255.0
2003,Hawaii,15,55-64 years,M,108,63073,171.2
2003,Idaho,16,55-64 years,M,148,64226,230.4
2003,Illinois,17,55-64 years,M,1452,558062,260.2
2003,Indiana,18,55-64 years,M,762,289681,263.0
2003,Iowa,19,55-64 years,M,364,140493,259.1
2003,Kansas,20,55-64 years,M,291,122695,237.2
2003,Kentucky,21,55-64 years,M,670,204527,327.6
2003,Louisiana,22,55-64 years,M,690,204877,336.8
2003,Maine,23,55-64 years,M,148,71391,207.3
2003,Maryland,24,55-64 years,M,625,262108,238.5
2003,Massachusetts,25,55-64 years,M,598,300959,198.7
2003,Michigan,26,55-64 years,M,1355,477879,283.5
2003,Minnesota,27,55-64 years,M,357,230401,154.9
2003,Mississippi,28,55-64 years,M,405,131770,307.4
2003,Missouri,29,55-64 years,M,726,274704,264.3
2003,Montana,30,55-64 years,M,110,50308,218.7
2003,Nebraska,31,55-64 years,M,119,78509,151.6
2003,Nevada,32,55-64 years,M,308,118328,260.3
2003,New Hampshire,33,55-64 years,M,141,65456,215.4
2003,New Jersey,34,55-64 years,M,871,406938,214.0
2003,New Mexico,35,55-64 years,M,168,89419,187.9
2003,New York,36,55-64 years,M,2319,883032,262.6
2003,North Carolina,37,55-64 years,M,1102,406936,270.8
2003,North Dakota,38,55-64 years,M,77,29773,258.6
2003,Ohio,39,55-64 years,M,1471,544487,270.2
2003,Oklahoma,40,55-64 years,M,651,170364,382.1
2003,Oregon,41,55-64 years,M,397,180536,219.9
2003,Pennsylvania,42,55-64 years,M,1536,610775,251.5
2003,Rhode Island,44,55-64 years,M,125,49805,251.0
2003,South Carolina,45,55-64 years,M,611,208756,292.7
2003,South Dakota,46,55-64 years,M,92,35215,261.3
2003,Tennessee,47,55-64 years,M,1030,295322,348.8
2003,Texas,48,55-64 years,M,2369,909768,260.4
2003,Utah,49,55-64 years,M,126,82436,152.8
2003,Vermont,50,55-64 years,M,73,33566,217.5
2003,Virginia,51,55-64 years,M,798,360265,221.5
2003,Washington,53,55-64 years,M,637,296536,214.8
2003,West Virginia,54,55-64 years,M,326,102027,319.5
2003,Wisconsin,55,55-64 years,M,558,257751,216.5
2003,Wyoming,56,55-64 years,M,69,26913,256.4
2004,Alabama,01,55-64 years,M,521,232067,224.5
2004,Alaska,02,55-64 years,M,52,32618,159.4
2004,Arizona,04,55-64 years,M,643,266773,241.0
2004,Arkansas,05,55-64 years,M,448,143634,311.9
2004,California,06,55-64 years,M,3237,1544835,209.5
2004,Colorado,08,55-64 years,M,348,216641,160.6
2004,Connecticut,09,55-64 years,M,302,177450,170.2
2004,Delaware,10,55-64 years,M,106,42007,252.3
2004,District of Columbia,11,55-64 years,M,82,25756,318.4
2004,Florida,12,55-64 years,M,2244,908588,247.0
2004,Georgia,13,55-64 years,M,925,397981,232.4
2004,Hawaii,15,55-64 years,M,115,67717,169.8
2004,Idaho,16,55-64 years,M,127,67913,187.0
2004,Illinois,17,55-64 years,M,1419,578674,245.2
2004,Indiana,18,55-64 years,M,773,301536,256.4
2004,Iowa,19,55-64 years,M,362,146260,247.5
2004,Kansas,20,55-64 years,M,262,128190,204.4
2004,Kentucky,21,55-64 years,M,614,213123,288.1
2004,Louisiana,22,55-64 years,M,624,213936,291.7
2004,Maine,23,55-64 years,M,115,75395,152.5
2004,Maryland,24,55-64 years,M,616,273908,224.9
2004,Massachusetts,25,55-64 years,M,575,313962,183.1
2004,Michigan,26,55-64 years,M,1336,498534,268.0
2004,Minnesota,27,55-64 years,M,338,241258,140.1
2004,Mississippi,28,55-64 years,M,483,137214,352.0
2004,Missouri,29,55-64 years,M,756,285301,265.0
2004,Montana,30,55-64 years,M,103,53363,193.0
2004,Nebraska,31,55-64 years,M,122,82523,147.8
2004,Nevada,32,55-64 years,M,289,126302,228.8
2004,New Hampshire,33,55-64 years,M,116,69260,167.5
2004,New Jersey,34,55-64 years,M,835,419614,199.0
2004,New Mexico,35,55-64 years,M,180,94687,190.1
2004,New York,36,55-64 years,M,2200,914401,240.6
2004,North Carolina,37,55-64 years,M,1058,427657,247.4
2004,North Dakota,38,55-64 years,M,66,31275,211.0
2004,Ohio,39,55-64 years,M,1461,567780,257.3
2004,Oklahoma,40,55-64 years,M,650,176739,367.8
2004,Oregon,41,55-64 years,M,313,191240,163.7
2004,Pennsylvania,42,55-64 years,M,1471,636060,231.3
2004,Rhode Island,44,55-64 years,M,123,52136,235.9
2004,South Carolina,45,55-64 years,M,622,219565,283.3
2004,South Dakota,46,55-64 years,M,77,37390,205.9
2004,Tennessee,47,55-64 years,M,943,308185,306.0
2004,Texas,48,55-64 years,M,2417,958360,252.2
2004,Utah,49,55-64 years,M,135,87135,154.9
2004,Vermont,50,55-64 years,M,56,35574,157.4
2004,Virginia,51,55-64 years,M,784,378392,207.2
2004,Washington,53,55-64 years,M,603,314732,191.6
2004,West Virginia,54,55-64 years,M,246,106765,230.4
2004,Wisconsin,55,55-64 years,M,527,270793,194.6
2004,Wyoming,56,55-64 years,M,48,28358,169.3
2005,Alabama,01,55-64 years,M,557,241277,230.9
2005,Alaska,02,55-64 years,M,66,35104,188.0
2005,Arizona,04,55-64 years,M,688,284720,241.6
2005,Arkansas,05,55-64 years,M,444,148637,298.7
2005,California,06,55-64 years,M,3394,1616930,209.9
2005,Colorado,08,55-64 years,M,346,230162,150.3
2005,Connecticut,09,55-64 years,M,284,183726,154.6
2005,Delaware,10,55-64 years,M,116,44059,263.3
2005,District of Columbia,11,55-64 years,M,89,26523,335.6
2005,Florida,12,55-64 years,M,2162,956321,226.1
2005,Georgia,13,55-64 years,M,891,419233,212.5
2005,Hawaii,15,55-64 years,M,115,71880,160.0
2005,Idaho,16,55-64 years,M,124,72124,171.9
2005,Illinois,17,55-64 years,M,1432,602692,237.6
2005,Indiana,18,55-64 years,M,743,314288,236.4
2005,Iowa,19,55-64 years,M,348,152859,227.7
2005,Kansas,20,55-64 years,M,294,134681,218.3
2005,Kentucky,21,55-64 years,M,585,222225,263.2
2005,Louisiana,22,55-64 years,M,687,223867,306.9
2005,Maine,23,55-64 years,M,142,79659,178.3
2005,Maryland,24,55-64 years,M,635,283715,223.8
2005,Massachusetts,25,55-64 years,M,555,326418,170.0
2005,Michigan,26,55-64 years,M,1438,519514,276.8
2005,Minnesota,27,55-64 years,M,377,253056,149.0
2005,Mississippi,28,55-64 years,M,489,142912,342.2
2005,Missouri,29,55-64 years,M,751,296437,253.3
2005,Montana,30,55-64 years,M,102,56270,181.3
2005,Nebraska,31,55-64 years,M,122,86621,140.8
2005,Nevada,32,55-64 years,M,330,133011,248.1
2005,New Hampshire,33,55-64 years,M,139,72775,191.0
2005,New Jersey,34,55-64 years,M,864,433623,199.3
2005,New Mexico,35,55-64 years,M,194,100486,193.1
2005,New York,36,55-64 years,M,2202,946497,232.6
2005,North Carolina,37,55-64 years,M,1078,449250,240.0
2005,North Dakota,38,55-64 years,M,65,33093,196.4
2005,Ohio,39,55-64 years,M,1438,592427,242.7
2005,Oklahoma,40,55-64 years,M,604,183046,330.0
2005,Oregon,41,55-64 years,M,337,202574,166.4
2005,Pennsylvania,42,55-64 years,M,1516,662238,228.9
2005,Rhode Island,44,55-64 years,M,152,54230,280.3
2005,South Carolina,45,55-64 years,M,635,230602,275.4
2005,South Dakota,46,55-64 years,M,88,39599,222.2
2005,Tennessee,47,55-64 years,M,946,321581,294.2
2005,Texas,48,55-64 years,M,2422,1008906,240.1
2005,Utah,49,55-64 years,M,128,92803,137.9
2005,Vermont,50,55-64 years,M,58,37402,155.1
2005,Virginia,51,55-64 years,M,801,394007,203.3
2005,Washington,53,55-64 years,M,655,333128,196.6
2005,West Virginia,54,55-64 years,M,318,111564,285.0
2005,Wisconsin,55,55-64 years,M,547,284340,192.4
2005,Wyoming,56,55-64 years,M,55,29995,183.4
2006,Alabama,01,55-64 years,M,566,250793,225.7
2006,Alaska,02,55-64 years,M,41,37404,109.6
2006,Arizona,04,55-64 years,M,684,301884,226.6
2006,Arkansas,05,55-64 years,M,503,153834,327.0
2006,California,06,55-64 years,M,3386,1682305,201.3
2006,Colorado,08,55-64 years,M,371,244418,151.8
2006,Connecticut,09,55-64 years,M,287,189897,151.1
2006,Delaware,10,55-64 years,M,95,46169,205.8
2006,District of Columbia,11,55-64 years,M,88,27333,322.0
2006,Florida,12,55-64 years,M,2147,995923,215.6
2006,Georgia,13,55-64 years,M,927,438605,211.4
2006,Hawaii,15,55-64 years,M,131,75481,173.6
2006,Idaho,16,55-64 years,M,142,76489,185.6
2006,Illinois,17,55-64 years,M,1426,625704,227.9
2006,Indiana,18,55-64 years,M,733,326717,224.4
2006,Iowa,19,55-64 years,M,334,159703,209.1
2006,Kansas,20,55-64 years,M,288,140914,204.4
2006,Kentucky,21,55-64 years,M,571,231395,246.8
2006,Louisiana,22,55-64 years,M,662,223365,296.4
2006,Maine,23,55-64 years,M,161,83299,193.3
2006,Maryland,24,55-64 years,M,616,293368,210.0
2006,Massachusetts,25,55-64 years,M,520,338730,153.5
2006,Michigan,26,55-64 years,M,1381,539929,255.8
2006,Minnesota,27,55-64 years,M,322,265350,121.3
2006,Mississippi,28,55-64 years,M,423,148187,285.5
2006,Missouri,29,55-64 years,M,797,307897,258.9
2006,Montana,30,55-64 years,M,101,59500,169.7
2006,Nebraska,31,55-64 years,M,120,90839,132.1
2006,Nevada,32,55-64 years,M,325,138899,234.0
2006,New Hampshire,33,55-64 years,M,130,76287,170.4
2006,New Jersey,34,55-64 years,M,793,447202,177.3
2006,New Mexico,35,55-64 years,M,191,106320,179.6
2006,New York,36,55-64 years,M,2243,977666,229.4
2006,North Carolina,37,55-64 years,M,1155,470588,245.4
2006,North Dakota,38,55-64 years,M,76,34637,219.4
2006,Ohio,39,55-64 years,M,1542,615683,250.5
2006,Oklahoma,40,55-64 years,M,645,190102,339.3
2006,Oregon,41,55-64 years,M,340,214050,158.8
2006,Pennsylvania,42,55-64 years,M,1532,688920,222.4
2006,Rhode Island,44,55-64 years,M,107,56292,190.1
2006,South Carolina,45,55-64 years,M,621,242011,256.6
2006,South Dakota,46,55-64 years,M,106,41668,254.4
2006,Tennessee,47,55-64 years,M,1072,335870,319.2
2006,Texas,48,55-64 years,M,2458,1063550,231.1
2006,Utah,49,55-64 years,M,136,98654,137.9
2006,Vermont,50,55-64 years,M,68,39109,173.9
2006,Virginia,51,55-64 years,M,824,408287,201.8
2006,Washington,53,55-64 years,M,545,350672,155.4
2006,West Virginia,54,55-64 years,M,283,116149,243.7
2006,Wisconsin,55,55-64 years,M,529,298339,177.3
2006,Wyoming,56,55-64 years,M,49,31672,154.7
2007,Alabama,01,55-64 years,M,582,259292,224.5
2007,Alaska,02,55-64 years,M,59,39361,149.9
2007,Arizona,04,55-64 years,M,630,314829,200.1
2007,Arkansas,05,55-64 years,M,452,158511,285.2
2007,California,06,55-64 years,M,3378,1745333,193.5
2007,Colorado,08,55-64 years,M,358,258484,138.5
2007,Connecticut,09,55-64 years,M,268,195718,136.9
2007,Delaware,10,55-64 years,M,122,47550,256.6
2007,District of Columbia,11,55-64 years,M,95,27694,343.0
2007,Florida,12,55-64 years,M,2009,1026194,195.8
2007,Georgia,13,55-64 years,M,865,457816,188.9
2007,Hawaii,15,55-64 years,M,125,79144,157.9
2007,Idaho,16,55-64 years,M,146,80612,181.1
2007,Illinois,17,55-64 years,M,1348,646453,208.5
2007,Indiana,18,55-64 years,M,727,339042,214.4
2007,Iowa,19,55-64 years,M,344,166890,206.1
2007,Kansas,20,55-64 years,M,232,147281,157.5
2007,Kentucky,21,55-64 years,M,620,239119,259.3
2007,Louisiana,22,55-64 years,M,683,232419,293.9
2007,Maine,23,55-64 years,M,151,86326,174.9
2007,Maryland,24,55-64 years,M,628,301745,208.1
2007,Massachusetts,25,55-64 years,M,561,350195,160.2
2007,Michigan,26,55-64 years,M,1432,558423,256.4
2007,Minnesota,27,55-64 years,M,351,277634,126.4
2007,Mississippi,28,55-64 years,M,475,153192,310.1
2007,Missouri,29,55-64 years,M,780,318333,245.0
2007,Montana,30,55-64 years,M,120,62781,191.1
2007,Nebraska,31,55-64 years,M,134,94694,141.5
2007,Nevada,32,55-64 years,M,337,144262,233.6
2007,New Hampshire,33,55-64 years,M,134,79561,168.4
2007,New Jersey,34,55-64 years,M,791,459093,172.3
2007,New Mexico,35,55-64 years,M,226,111662,202.4
2007,New York,36,55-64 years,M,2146,1005180,213.5
2007,North Carolina,37,55-64 years,M,1139,492505,231.3
2007,North Dakota,38,55-64 years,M,58,36716,158.0
2007,Ohio,39,55-64 years,M,1518,637727,238.0
2007,Oklahoma,40,55-64 years,M,585,196092,298.3
2007,Oregon,41,55-64 years,M,351,224095,156.6
2007,Pennsylvania,42,55-64 years,M,1579,714841,220.9
2007,Rhode Island,44,55-64 years,M,133,57911,229.7
2007,South Carolina,45,55-64 years,M,603,252549,238.8
2007,South Dakota,46,55-64 years,M,84,43995,190.9
2007,Tennessee,47,55-64 years,M,1007,347067,290.1
2007,Texas,48,55-64 years,M,2556,1113324,229.6
2007,Utah,49,55-64 years,M,153,103708,147.5
2007,Vermont,50,55-64 years,M,66,40656,162.3
2007,Virginia,51,55-64 years,M,794,421361,188.4
2007,Washington,53,55-64 years,M,598,366699,163.1
2007,West Virginia,54,55-64 years,M,285,120119,237.3
2007,Wisconsin,55,55-64 years,M,592,312182,189.6
2007,Wyoming,56,55-64 years,M,66,33393,197.6
2008,Alabama,01,55-64 years,M,551,266305,206.9
2008,Alaska,02,55-64 years,M,50,41619,120.1
2008,Arizona,04,55-64 years,M,703,325075,216.3
2008,Arkansas,05,55-64 years,M,482,162061,297.4
2008,California,06,55-64 years,M,3388,1809088,187.3
2008,Colorado,08,55-64 years,M,368,270978,135.8
2008,Connecticut,09,55-64 years,M,284,200102,141.9
2008,Delaware,10,55-64 years,M,104,49190,211.4
2008,District of Columbia,11,55-64 years,M,95,28213,336.7
2008,Florida,12,55-64 years,M,2083,1047537,198.8
2008,Georgia,13,55-64 years,M,804,473199,169.9
2008,Hawaii,15,55-64 years,M,132,82148,160.7
2008,Idaho,16,55-64 years,M,134,83736,160.0
2008,Illinois,17,55-64 years,M,1418,665429,213.1
2008,Indiana,18,55-64 years,M,806,349388,230.7
2008,Iowa,19,55-64 years,M,351,172664,203.3
2008,Kansas,20,55-64 years,M,277,152303,181.9
2008,Kentucky,21,55-64 years,M,639,246524,259.2
2008,Louisiana,22,55-64 years,M,659,241125,273.3
2008,Maine,23,55-64 years,M,164,88975,184.3
2008,Maryland,24,55-64 years,M,628,308466,203.6
2008,Massachusetts,25,55-64 years,M,552,360111,153.3
2008,Michigan,26,55-64 years,M,1363,571808,238.4
2008,Minnesota,27,55-64 years,M,357,288277,123.8
2008,Mississippi,28,55-64 years,M,476,157044,303.1
2008,Missouri,29,55-64 years,M,854,327121,261.1
2008,Montana,30,55-64 years,M,116,65419,177.3
2008,Nebraska,31,55-64 years,M,110,98183,112.0
2008,Nevada,32,55-64 years,M,299,147605,202.6
2008,New Hampshire,33,55-64 years,M,125,82377,151.7
2008,New Jersey,34,55-64 years,M,757,467853,161.8
2008,New Mexico,35,55-64 years,M,227,115835,196.0
2008,New York,36,55-64 years,M,2226,1028452,216.4
2008,North Carolina,37,55-64 years,M,1183,508196,232.8
2008,North Dakota,38,55-64 years,M,78,38529,202.4
2008,Ohio,39,55-64 years,M,1516,656266,231.0
2008,Oklahoma,40,55-64 years,M,548,201724,271.7
2008,Oregon,41,55-64 years,M,348,232986,149.4
2008,Pennsylvania,42,55-64 years,M,1469,735644,199.7
2008,Rhode Island,44,55-64 years,M,130,59045,220.2
2008,South Carolina,45,55-64 years,M,588,261004,225.3
2008,South Dakota,46,55-64 years,M,96,46006,208.7
2008,Tennessee,47,55-64 years,M,994,356522,278.8
2008,Texas,48,55-64 years,M,2538,1160753,218.7
2008,Utah,49,55-64 years,M,142,108595,130.8
2008,Vermont,50,55-64 years,M,72,41833,172.1
2008,Virginia,51,55-64 years,M,798,431700,184.9
2008,Washington,53,55-64 years,M,670,380160,176.2
2008,West Virginia,54,55-64 years,M,286,123431,231.7
2008,Wisconsin,55,55-64 years,M,588,323790,181.6
2008,Wyoming,56,55-64 years,M,62,34906,177.6
2009,Alabama,01,55-64 years,M,612,273893,223.4
2009,Alaska,02,55-64 years,M,83,44312,187.3
2009,Arizona,04,55-64 years,M,670,335251,199.9
2009,Arkansas,05,55-64 years,M,486,165860,293.0
2009,California,06,55-64 years,M,3328,1884209,176.6
2009,Colorado,08,55-64 years,M,364,284297,128.0
2009,Connecticut,09,55-64 years,M,291,207419,140.3
2009,Delaware,10,55-64 years,M,99,50433,196.3
2009,District of Columbia,11,55-64 years,M,62,28822,215.1
2009,Florida,12,55-64 years,M,2090,1073456,194.7
2009,Georgia,13,55-64 years,M,865,490869,176.2
2009,Hawaii,15,55-64 years,M,123,84759,145.1
2009,Idaho,16,55-64 years,M,167,86973,192.0
2009,Illinois,17,55-64 years,M,1390,689207,201.7
2009,Indiana,18,55-64 years,M,746,363071,205.5
2009,Iowa,19,55-64 years,M,389,179549,216.7
2009,Kansas,20,55-64 years,M,280,158526,176.6
2009,Kentucky,21,55-64 years,M,633,254045,249.2
2009,Louisiana,22,55-64 years,M,655,250776,261.2
2009,Maine,23,55-64 years,M,132,91855,143.7
2009,Maryland,24,55-64 years,M,662,319104,207.5
2009,Massachusetts,25,55-64 years,M,555,373184,148.7
2009,Michigan,26,55-64 years,M,1365,591642,230.7
2009,Minnesota,27,55-64 years,M,350,301423,116.1
2009,Mississippi,28,55-64 years,M,431,161830,266.3
2009,Missouri,29,55-64 years,M,793,338053,234.6
2009,Montana,30,55-64 years,M,117,68092,171.8
2009,Nebraska,31,55-64 years,M,116,102028,113.7
2009,Nevada,32,55-64 years,M,319,151534,210.5
2009,New Hampshire,33,55-64 years,M,135,85290,158.3
2009,New Jersey,34,55-64 years,M,750,484788,154.7
2009,New Mexico,35,55-64 years,M,240,120139,199.8
2009,New York,36,55-64 years,M,2170,1061593,204.4
2009,North Carolina,37,55-64 years,M,1117,526246,212.3
2009,North Dakota,38,55-64 years,M,75,40467,185.3
2009,Ohio,39,55-64 years,M,1372,681340,201.4
2009,Oklahoma,40,55-64 years,M,548,208075,263.4
2009,Oregon,41,55-64 years,M,364,241568,150.7
2009,Pennsylvania,42,55-64 years,M,1451,763516,190.0
2009,Rhode Island,44,55-64 years,M,125,61119,204.5
2009,South Carolina,45,55-64 years,M,696,269008,258.7
2009,South Dakota,46,55-64 years,M,103,47949,214.8
2009,Tennessee,47,55-64 years,M,1038,367445,282.5
2009,Texas,48,55-64 years,M,2601,1212892,214.4
2009,Utah,49,55-64 years,M,132,113730,116.1
2009,Vermont,50,55-64 years,M,62,43258,143.3
2009,Virginia,51,55-64 years,M,771,446545,172.7
2009,Washington,53,55-64 years,M,580,395162,146.8
2009,West Virginia,54,55-64 years,M,283,127413,222.1
2009,Wisconsin,55,55-64 years,M,591,337476,175.1
2009,Wyoming,56,55-64 years,M,68,36568,186.0
2010,Alabama,01,55-64 years,M,561,281236,199.5
2010,Alaska,02,55-64 years,M,75,45625,164.4
2010,Arizona,04,55-64 years,M,700,345619,202.5
2010,Arkansas,05,55-64 years,M,463,169291,273.5
2010,California,06,55-64 years,M,3306,1949147,169.6
2010,Colorado,08,55-64 years,M,384,294155,130.5
2010,Connecticut,09,55-64 years,M,290,213638,135.7
2010,Delaware,10,55-64 years,M,94,52063,180.6
2010,District of Columbia,11,55-64 years,M,93,29392,316.4
2010,Florida,12,55-64 years,M,2118,1102877,192.0
2010,Georgia,13,55-64 years,M,869,506329,171.6
2010,Hawaii,15,55-64 years,M,113,87027,129.8
2010,Idaho,16,55-64 years,M,120,89637,133.9
2010,Illinois,17,55-64 years,M,1399,711225,196.7
2010,Indiana,18,55-64 years,M,785,374236,209.8
2010,Iowa,19,55-64 years,M,356,185559,191.9
2010,Kansas,20,55-64 years,M,300,163688,183.3
2010,Kentucky,21,55-64 years,M,603,261025,231.0
2010,Louisiana,22,55-64 years,M,691,258565,267.2
2010,Maine,23,55-64 years,M,126,94222,133.7
2010,Maryland,24,55-64 years,M,644,329049,195.7
2010,Massachusetts,25,55-64 years,M,547,384889,142.1
2010,Michigan,26,55-64 years,M,1401,608637,230.2
2010,Minnesota,27,55-64 years,M,345,312081,110.5
2010,Mississippi,28,55-64 years,M,436,166432,262.0
2010,Missouri,29,55-64 years,M,847,347957,243.4
2010,Montana,30,55-64 years,M,115,69959,164.4
2010,Nebraska,31,55-64 years,M,149,105119,141.7
2010,Nevada,32,55-64 years,M,334,155238,215.2
2010,New Hampshire,33,55-64 years,M,128,88012,145.4
2010,New Jersey,34,55-64 years,M,787,499196,157.7
2010,New Mexico,35,55-64 years,M,217,123768,175.3
2010,New York,36,55-64 years,M,2076,1092206,190.1
2010,North Carolina,37,55-64 years,M,1127,540278,208.6
2010,North Dakota,38,55-64 years,M,83,41934,197.9
2010,Ohio,39,55-64 years,M,1489,703861,211.5
2010,Oklahoma,40,55-64 years,M,615,213583,287.9
2010,Oregon,41,55-64 years,M,305,248066,123.0
2010,Pennsylvania,42,55-64 years,M,1412,788210,179.1
2010,Rhode Island,44,55-64 years,M,98,62877,155.9
2010,South Carolina,45,55-64 years,M,693,275444,251.6
2010,South Dakota,46,55-64 years,M,117,49545,236.1
2010,Tennessee,47,55-64 years,M,1045,376645,277.4
2010,Texas,48,55-64 years,M,2622,1257095,208.6
2010,Utah,49,55-64 years,M,128,118253,108.2
2010,Vermont,50,55-64 years,M,70,44514,157.3
2010,Virginia,51,55-64 years,M,787,458904,171.5
2010,Washington,53,55-64 years,M,676,407699,165.8
2010,West Virginia,54,55-64 years,M,284,130627,217.4
2010,Wisconsin,55,55-64 years,M,614,348708,176.1
2010,Wyoming,56,55-64 years,M,62,37806,164.0
2011,Alabama,01,55-64 years,M,646,291585,221.5
2011,Alaska,02,55-64 years,M,100,47991,208.4
2011,Arizona,04,55-64 years,M,721,359537,200.5
2011,Arkansas,05,55-64 years,M,525,175066,299.9
2011,California,06,55-64 years,M,3375,2037687,165.6
2011,Colorado,08,55-64 years,M,431,308910,139.5
2011,Connecticut,09,55-64 years,M,287,222464,129.0
2011,Delaware,10,55-64 years,M,114,54717,208.3
2011,District of Columbia,11,55-64 years,M,70,30713,227.9
2011,Florida,12,55-64 years,M,2042,1148847,177.7
2011,Georgia,13,55-64 years,M,886,528046,167.8
2011,Hawaii,15,55-64 years,M,131,88961,147.3
2011,Idaho,16,55-64 years,M,150,93675,160.1
2011,Illinois,17,55-64 years,M,1442,741934,194.4
2011,Indiana,18,55-64 years,M,860,390758,220.1
2011,Iowa,19,55-64 years,M,386,193707,199.3
2011,Kansas,20,55-64 years,M,299,170906,174.9
2011,Kentucky,21,55-64 years,M,652,271348,240.3
2011,Louisiana,22,55-64 years,M,621,270123,229.9
2011,Maine,23,55-64 years,M,135,97658,138.2
2011,Maryland,24,55-64 years,M,603,343365,175.6
2011,Massachusetts,25,55-64 years,M,558,401470,139.0
2011,Michigan,26,55-64 years,M,1537,633616,242.6
2011,Minnesota,27,55-64 years,M,387,328203,117.9
2011,Mississippi,28,55-64 years,M,429,172376,248.9
2011,Missouri,29,55-64 years,M,826,362805,227.7
2011,Montana,30,55-64 years,M,120,72780,164.9
2011,Nebraska,31,55-64 years,M,143,110323,129.6
2011,Nevada,32,55-64 years,M,307,160219,191.6
2011,New Hampshire,33,55-64 years,M,130,92116,141.1
2011,New Jersey,34,55-64 years,M,786,519346,151.3
2011,New Mexico,35,55-64 years,M,231,127916,180.6
2011,New York,36,55-64 years,M,2011,1135032,177.2
2011,North Carolina,37,55-64 years,M,1164,562458,206.9
2011,North Dakota,38,55-64 years,M,69,44128,156.4
2011,Ohio,39,55-64 years,M,1425,734218,194.1
2011,Oklahoma,40,55-64 years,M,604,221826,272.3
2011,Oregon,41,55-64 years,M,323,257240,125.6
2011,Pennsylvania,42,55-64 years,M,1472,823559,178.7
2011,Rhode Island,44,55-64 years,M,120,65300,183.8
2011,South Carolina,45,55-64 years,M,660,285552,231.1
2011,South Dakota,46,55-64 years,M,96,52294,183.6
2011,Tennessee,47,55-64 years,M,1064,390788,272.3
2011,Texas,48,55-64 years,M,2648,1323218,200.1
2011,Utah,49,55-64 years,M,162,125006,129.6
2011,Vermont,50,55-64 years,M,92,46269,198.8
2011,Virginia,51,55-64 years,M,762,477520,159.6
2011,Washington,53,55-64 years,M,611,425689,143.5
2011,West Virginia,54,55-64 years,M,295,134218,219.8
2011,Wisconsin,55,55-64 years,M,619,365154,169.5
2011,Wyoming,56,55-64 years,M,63,39568,159.2
2012,Alabama,01,55-64 years,M,553,293865,188.2
2012,Alaska,02,55-64 years,M,70,48658,143.9
2012,Arizona,04,55-64 years,M,703,363552,193.4
2012,Arkansas,05,55-64 years,M,514,174995,293.7
2012,California,06,55-64 years,M,3456,2078087,166.3
2012,Colorado,08,55-64 years,M,408,315006,129.5
2012,Connecticut,09,55-64 years,M,292,225711,129.4
2012,Delaware,10,55-64 years,M,78,55243,141.2
2012,District of Columbia,11,55-64 years,M,80,31012,258.0
2012,Florida,12,55-64 years,M,2134,1161317,183.8
2012,Georgia,13,55-64 years,M,855,536288,159.4
2012,Hawaii,15,55-64 years,M,148,89482,165.4
2012,Idaho,16,55-64 years,M,133,94830,140.3
2012,Illinois,17,55-64 years,M,1445,752349,192.1
2012,Indiana,18,55-64 years,M,810,395812,204.6
2012,Iowa,19,55-64 years,M,419,195789,214.0
2012,Kansas,20,55-64 years,M,305,173150,176.1
2012,Kentucky,21,55-64 years,M,715,272271,262.6
2012,Louisiana,22,55-64 years,M,706,273079,258.5
2012,Maine,23,55-64 years,M,133,98094,135.6
2012,Maryland,24,55-64 years,M,622,348031,178.7
2012,Massachusetts,25,55-64 years,M,545,407095,133.9
2012,Michigan,26,55-64 years,M,1514,641467,236.0
2012,Minnesota,27,55-64 years,M,382,335480,113.9
2012,Mississippi,28,55-64 years,M,499,173377,287.8
2012,Missouri,29,55-64 years,M,854,367336,232.5
2012,Montana,30,55-64 years,M,151,73286,206.0
2012,Nebraska,31,55-64 years,M,137,112122,122.2
2012,Nevada,32,55-64 years,M,337,162197,207.8
2012,New Hampshire,33,55-64 years,M,134,93547,143.2
2012,New Jersey,34,55-64 years,M,825,528133,156.2
2012,New Mexico,35,55-64 years,M,215,128417,167.4
2012,New York,36,55-64 years,M,2090,1148476,182.0
2012,North Carolina,37,55-64 years,M,1166,567962,205.3
2012,North Dakota,38,55-64 years,M,67,45059,148.7
2012,Ohio,39,55-64 years,M,1497,741182,202.0
2012,Oklahoma,40,55-64 years,M,619,223679,276.7
2012,Oregon,41,55-64 years,M,346,258638,133.8
2012,Pennsylvania,42,55-64 years,M,1442,830939,173.5
2012,Rhode Island,44,55-64 years,M,115,65868,174.6
2012,South Carolina,45,55-64 years,M,623,286831,217.2
2012,South Dakota,46,55-64 years,M,100,53695,186.2
2012,Tennessee,47,55-64 years,M,1075,392459,273.9
2012,Texas,48,55-64 years,M,2708,1354552,199.9
2012,Utah,49,55-64 years,M,150,128806,116.5
2012,Vermont,50,55-64 years,M,60,46539,128.9
2012,Virginia,51,55-64 years,M,764,482681,158.3
2012,Washington,53,55-64 years,M,605,431400,140.2
2012,West Virginia,54,55-64 years,M,276,133420,206.9
2012,Wisconsin,55,55-64 years,M,670,371285,180.5
2012,Wyoming,56,55-64 years,M,63,40345,156.2
2013,Alabama,01,55-64 years,M,592,296949,199.4
2013,Alaska,02,55-64 years,M,68,48508,140.2
2013,Arizona,04,55-64 years,M,684,369020,185.4
2013,Arkansas,05,55-64 years,M,508,176280,288.2
2013,California,06,55-64 years,M,3522,2128335,165.5
2013,Colorado,08,55-64 years,M,390,321261,121.4
2013,Connecticut,09,55-64 years,M,283,231003,122.5
2013,Delaware,10,55-64 years,M,119,56665,210.0
2013,District of Columbia,11,55-64 years,M,77,31822,242.0
2013,Florida,12,55-64 years,M,2101,1182200,177.7
2013,Georgia,13,55-64 years,M,964,546288,176.5
2013,Hawaii,15,55-64 years,M,129,88232,146.2
2013,Idaho,16,55-64 years,M,153,96391,158.7
2013,Illinois,17,55-64 years,M,1392,768255,181.2
2013,Indiana,18,55-64 years,M,759,404143,187.8
2013,Iowa,19,55-64 years,M,422,199887,211.1
2013,Kansas,20,55-64 years,M,291,175452,165.9
2013,Kentucky,21,55-64 years,M,672,276328,243.2
2013,Louisiana,22,55-64 years,M,734,277759,264.3
2013,Maine,23,55-64 years,M,130,99038,131.3
2013,Maryland,24,55-64 years,M,617,354782,173.9
2013,Massachusetts,25,55-64 years,M,551,415778,132.5
2013,Michigan,26,55-64 years,M,1536,653858,234.9
2013,Minnesota,27,55-64 years,M,397,345067,115.1
2013,Mississippi,28,55-64 years,M,490,175445,279.3
2013,Missouri,29,55-64 years,M,880,374835,234.8
2013,Montana,30,55-64 years,M,140,73921,189.4
2013,Nebraska,31,55-64 years,M,149,114062,130.6
2013,Nevada,32,55-64 years,M,355,165074,215.1
2013,New Hampshire,33,55-64 years,M,137,95564,143.4
2013,New Jersey,34,55-64 years,M,858,540141,158.8
2013,New Mexico,35,55-64 years,M,237,128436,184.5
2013,New York,36,55-64 years,M,2085,1171313,178.0
2013,North Carolina,37,55-64 years,M,1168,577562,202.2
2013,North Dakota,38,55-64 years,M,70,46140,151.7
2013,Ohio,39,55-64 years,M,1445,753840,191.7
2013,Oklahoma,40,55-64 years,M,638,226949,281.1
2013,Oregon,41,55-64 years,M,328,259639,126.3
2013,Pennsylvania,42,55-64 years,M,1440,846405,170.1
2013,Rhode Island,44,55-64 years,M,114,67176,169.7
2013,South Carolina,45,55-64 years,M,668,290866,229.7
2013,South Dakota,46,55-64 years,M,101,55175,183.1
2013,Tennessee,47,55-64 years,M,1101,396342,277.8
2013,Texas,48,55-64 years,M,2744,1391635,197.2
2013,Utah,49,55-64 years,M,154,132676,116.1
2013,Vermont,50,55-64 years,M,66,46730,141.2
2013,Virginia,51,55-64 years,M,756,490825,154.0
2013,Washington,53,55-64 years,M,665,437781,151.9
2013,West Virginia,54,55-64 years,M,254,133213,190.7
2013,Wisconsin,55,55-64 years,M,658,380812,172.8
2013,Wyoming,56,55-64 years,M,65,40897,158.9
2014,Alabama,01,55-64 years,M,583,299971,194.4
2014,Alaska,02,55-64 years,M,85,48411,175.6
2014,Arizona,04,55-64 years,M,648,376811,172.0
2014,Arkansas,05,55-64 years,M,539,177597,303.5
2014,California,06,55-64 years,M,3354,2186133,153.4
2014,Colorado,08,55-64 years,M,459,327882,140.0
2014,Connecticut,09,55-64 years,M,270,235718,114.5
2014,Delaware,10,55-64 years,M,99,58183,170.2
2014,District of Columbia,11,55-64 years,M,94,32225,291.7
2014,Florida,12,55-64 years,M,2275,1213403,187.5
2014,Georgia,13,55-64 years,M,967,557884,173.3
2014,Hawaii,15,55-64 years,M,139,88291,157.4
2014,Idaho,16,55-64 years,M,159,97888,162.4
2014,Illinois,17,55-64 years,M,1349,782736,172.3
2014,Indiana,18,55-64 years,M,794,410443,193.4
2014,Iowa,19,55-64 years,M,398,202554,196.5
2014,Kansas,20,55-64 years,M,313,177847,176.0
2014,Kentucky,21,55-64 years,M,668,279003,239.4
2014,Louisiana,22,55-64 years,M,743,282533,263.0
2014,Maine,23,55-64 years,M,126,99904,126.1
2014,Maryland,24,55-64 years,M,623,361571,172.3
2014,Massachusetts,25,55-64 years,M,524,424699,123.4
2014,Michigan,26,55-64 years,M,1644,663253,247.9
2014,Minnesota,27,55-64 years,M,424,352949,120.1
2014,Mississippi,28,55-64 years,M,510,177520,287.3
2014,Missouri,29,55-64 years,M,914,381340,239.7
2014,Montana,30,55-64 years,M,140,74168,188.8
2014,Nebraska,31,55-64 years,M,165,115874,142.4
2014,Nevada,32,55-64 years,M,371,169069,219.4
2014,New Hampshire,33,55-64 years,M,117,97595,119.9
2014,New Jersey,34,55-64 years,M,775,553469,140.0
2014,New Mexico,35,55-64 years,M,225,128725,174.8
2014,New York,36,55-64 years,M,2079,1193416,174.2
2014,North Carolina,37,55-64 years,M,1132,588034,192.5
2014,North Dakota,38,55-64 years,M,76,47119,161.3
2014,Ohio,39,55-64 years,M,1519,763947,198.8
2014,Oklahoma,40,55-64 years,M,667,229841,290.2
2014,Oregon,41,55-64 years,M,320,260712,122.7
2014,Pennsylvania,42,55-64 years,M,1422,859653,165.4
2014,Rhode Island,44,55-64 years,M,127,68059,186.6
2014,South Carolina,45,55-64 years,M,611,295792,206.6
2014,South Dakota,46,55-64 years,M,124,56094,221.1
2014,Tennessee,47,55-64 years,M,1132,400817,282.4
2014,Texas,48,55-64 years,M,2778,1434534,193.7
2014,Utah,49,55-64 years,M,139,135973,102.2
2014,Vermont,50,55-64 years,M,81,47122,171.9
2014,Virginia,51,55-64 years,M,768,499146,153.9
2014,Washington,53,55-64 years,M,671,444993,150.8
2014,West Virginia,54,55-64 years,M,297,132237,224.6
2014,Wisconsin,55,55-64 years,M,639,387746,164.8
2014,Wyoming,56,55-64 years,M,82,40998,200.0
2015,Alabama,01,55-64 years,M,599,303874,197.1
2015,Alaska,02,55-64 years,M,91,48464,187.8
2015,Arizona,04,55-64 years,M,726,386424,187.9
2015,Arkansas,05,55-64 years,M,536,180052,297.7
2015,California,06,55-64 years,M,3451,2243148,153.8
2015,Colorado,08,55-64 years,M,424,335092,126.5
2015,Connecticut,09,55-64 years,M,309,240641,128.4
2015,Delaware,10,55-64 years,M,108,59904,180.3
2015,District of Columbia,11,55-64 years,M,68,32755,207.6
2015,Florida,12,55-64 years,M,2220,1252207,177.3
2015,Georgia,13,55-64 years,M,958,572795,167.3
2015,Hawaii,15,55-64 years,M,134,87939,152.4
2015,Idaho,16,55-64 years,M,170,99838,170.3
2015,Illinois,17,55-64 years,M,1339,795855,168.2
2015,Indiana,18,55-64 years,M,819,417344,196.2
2015,Iowa,19,55-64 years,M,366,205254,178.3
2015,Kansas,20,55-64 years,M,289,179663,160.9
2015,Kentucky,21,55-64 years,M,688,282516,243.5
2015,Louisiana,22,55-64 years,M,715,286824,249.3
2015,Maine,23,55-64 years,M,125,100839,124.0
2015,Maryland,24,55-64 years,M,573,369551,155.1
2015,Massachusetts,25,55-64 years,M,547,434675,125.8
2015,Michigan,26,55-64 years,M,1458,671762,217.0
2015,Minnesota,27,55-64 years,M,392,360929,108.6
2015,Mississippi,28,55-64 years,M,461,179400,257.0
2015,Missouri,29,55-64 years,M,867,388797,223.0
2015,Montana,30,55-64 years,M,138,74466,185.3
2015,Nebraska,31,55-64 years,M,171,117884,145.1
2015,Nevada,32,55-64 years,M,378,173636,217.7
2015,New Hampshire,33,55-64 years,M,124,99471,124.7
2015,New Jersey,34,55-64 years,M,797,566337,140.7
2015,New Mexico,35,55-64 years,M,245,129423,189.3
2015,New York,36,55-64 years,M,2128,1216582,174.9
2015,North Carolina,37,55-64 years,M,1167,601543,194.0
2015,North Dakota,38,55-64 years,M,84,48047,174.8
2015,Ohio,39,55-64 years,M,1539,773289,199.0
2015,Oklahoma,40,55-64 years,M,719,233771,307.6
2015,Oregon,41,55-64 years,M,335,262454,127.6
2015,Pennsylvania,42,55-64 years,M,1446,871002,166.0
2015,Rhode Island,44,55-64 years,M,119,69119,172.2
2015,South Carolina,45,55-64 years,M,697,301735,231.0
2015,South Dakota,46,55-64 years,M,105,57153,183.7
2015,Tennessee,47,55-64 years,M,1160,406835,285.1
2015,Texas,48,55-64 years,M,2911,1478988,196.8
2015,Utah,49,55-64 years,M,150,139660,107.4
2015,Vermont,50,55-64 years,M,91,47360,192.1
2015,Virginia,51,55-64 years,M,813,509216,159.7
2015,Washington,53,55-64 years,M,589,453189,130.0
2015,West Virginia,54,55-64 years,M,256,131246,195.1
2015,Wisconsin,55,55-64 years,M,626,394703,158.6
2015,Wyoming,56,55-64 years,M,65,41096,158.2
2016,Alabama,01,55-64 years,M,566,307099,184.3
2016,Alaska,02,55-64 years,M,100,49222,203.2
2016,Arizona,04,55-64 years,M,748,394819,189.5
2016,Arkansas,05,55-64 years,M,534,181966,293.5
2016,California,06,55-64 years,M,3562,2273600,156.7
2016,Colorado,08,55-64 years,M,442,341390,129.5
2016,Connecticut,09,55-64 years,M,322,244036,131.9
2016,Delaware,10,55-64 years,M,106,61089,173.5
2016,District of Columbia,11,55-64 years,M,74,33129,223.4
2016,Florida,12,55-64 years,M,2313,1288333,179.5
2016,Georgia,13,55-64 years,M,936,586707,159.5
2016,Hawaii,15,55-64 years,M,112,90419,123.9
2016,Idaho,16,55-64 years,M,160,102098,156.7
2016,Illinois,17,55-64 years,M,1284,802066,160.1
2016,Indiana,18,55-64 years,M,806,421172,191.4
2016,Iowa,19,55-64 years,M,418,206233,202.7
2016,Kansas,20,55-64 years,M,339,181798,186.5
2016,Kentucky,21,55-64 years,M,740,284697,259.9
2016,Louisiana,22,55-64 years,M,723,289116,250.1
2016,Maine,23,55-64 years,M,136,101668,133.8
2016,Maryland,24,55-64 years,M,604,375928,160.7
2016,Massachusetts,25,55-64 years,M,500,440593,113.5
2016,Michigan,26,55-64 years,M,1586,675923,234.6
2016,Minnesota,27,55-64 years,M,414,366436,113.0
2016,Mississippi,28,55-64 years,M,412,180593,228.1
2016,Missouri,29,55-64 years,M,878,394130,222.8
2016,Montana,30,55-64 years,M,128,74659,171.4
2016,Nebraska,31,55-64 years,M,143,119104,120.1
2016,Nevada,32,55-64 years,M,404,177849,227.2
2016,New Hampshire,33,55-64 years,M,174,101481,171.5
2016,New Jersey,34,55-64 years,M,815,575478,141.6
2016,New Mexico,35,55-64 years,M,268,130341,205.6
2016,New York,36,55-64 years,M,2160,1228302,175.9
2016,North Carolina,37,55-64 years,M,1162,615907,188.7
2016,North Dakota,38,55-64 years,M,75,48380,155.0
2016,Ohio,39,55-64 years,M,1557,777623,200.2
2016,Oklahoma,40,55-64 years,M,620,235890,262.8
2016,Oregon,41,55-64 years,M,334,263477,126.8
2016,Pennsylvania,42,55-64 years,M,1539,876000,175.7
2016,Rhode Island,44,55-64 years,M,85,70154,121.2
2016,South Carolina,45,55-64 years,M,651,308195,211.2
2016,South Dakota,46,55-64 years,M,107,57823,185.0
2016,Tennessee,47,55-64 years,M,1161,412145,281.7
2016,Texas,48,55-64 years,M,2949,1510506,195.2
2016,Utah,49,55-64 years,M,154,142971,107.7
2016,Vermont,50,55-64 years,M,94,47409,198.3
2016,Virginia,51,55-64 years,M,805,519437,155.0
2016,Washington,53,55-64 years,M,607,461640,131.5
2016,West Virginia,54,55-64 years,M,313,129545,241.6
2016,Wisconsin,55,55-64 years,M,650,399430,162.7
2016,Wyoming,56,55-64 years,M,71,41032,173.0
2017,Alabama,01,55-64 years,M,635,309412,205.2
2017,Alaska,02,55-64 years,M,74,49121,150.6
2017,Arizona,04,55-64 years,M,760,402826,188.7
2017,Arkansas,05,55-64 years,M,626,183689,340.8
2017,California,06,55-64 years,M,3536,2311806,153.0
2017,Colorado,08,55-64 years,M,408,344808,118.3
2017,Connecticut,09,55-64 years,M,321,246821,130.1
2017,Delaware,10,55-64 years,M,93,62435,149.0
2017,District of Columbia,11,55-64 years,M,66,33144,199.1
2017,Florida,12,55-64 years,M,2374,1321056,179.7
2017,Georgia,13,55-64 years,M,964,599889,160.7
2017,Hawaii,15,55-64 years,M,127,89822,141.4
2017,Idaho,16,55-64 years,M,160,103673,154.3
2017,Illinois,17,55-64 years,M,1232,807403,152.6
2017,Indiana,18,55-64 years,M,875,423965,206.4
2017,Iowa,19,55-64 years,M,379,206568,183.5
2017,Kansas,20,55-64 years,M,345,182516,189.0
2017,Kentucky,21,55-64 years,M,695,286284,242.8
2017,Louisiana,22,55-64 years,M,654,289974,225.5
2017,Maine,23,55-64 years,M,130,102252,127.1
2017,Maryland,24,55-64 years,M,580,382789,151.5
2017,Massachusetts,25,55-64 years,M,511,447502,114.2
2017,Michigan,26,55-64 years,M,1516,679897,223.0
2017,Minnesota,27,55-64 years,M,405,371063,109.1
2017,Mississippi,28,55-64 years,M,479,182123,263.0
2017,Missouri,29,55-64 years,M,846,398397,212.4
2017,Montana,30,55-64 years,M,128,74278,172.3
2017,Nebraska,31,55-64 years,M,156,119764,130.3
2017,Nevada,32,55-64 years,M,382,182463,209.4
2017,New Hampshire,33,55-64 years,M,146,102887,141.9
2017,New Jersey,34,55-64 years,M,848,586428,144.6
2017,New Mexico,35,55-64 years,M,266,131169,202.8
2017,New York,36,55-64 years,M,2163,1244341,173.8
2017,North Carolina,37,55-64 years,M,1189,625948,190.0
2017,North Dakota,38,55-64 years,M,66,48269,136.7
2017,Ohio,39,55-64 years,M,1613,780299,206.7
2017,Oklahoma,40,55-64 years,M,653,237621,274.8
2017,Oregon,41,55-64 years,M,341,263177,129.6
2017,Pennsylvania,42,55-64 years,M,1576,878742,179.3
2017,Rhode Island,44,55-64 years,M,90,71099,126.6
2017,South Carolina,45,55-64 years,M,717,312466,229.5
2017,South Dakota,46,55-64 years,M,104,57999,179.3
2017,Tennessee,47,55-64 years,M,1147,417349,274.8
2017,Texas,48,55-64 years,M,3093,1544989,200.2
2017,Utah,49,55-64 years,M,197,145379,135.5
2017,Vermont,50,55-64 years,M,87,47235,184.2
2017,Virginia,51,55-64 years,M,786,527784,148.9
2017,Washington,53,55-64 years,M,662,467346,141.7
2017,West Virginia,54,55-64 years,M,284,127473,222.8
2017,Wisconsin,55,55-64 years,M,652,403332,161.7
2017,Wyoming,56,55-64 years,M,56,40731,137.5
2018,Alabama,01,55-64 years,M,632,311555,202.9
2018,Alaska,02,55-64 years,M,89,48627,183.0
2018,Arizona,04,55-64 years,M,669,413184,161.9
2018,Arkansas,05,55-64 years,M,562,185005,303.8
2018,California,06,55-64 years,M,3589,2324453,154.4
2018,Colorado,08,55-64 years,M,422,346525,121.8
2018,Connecticut,09,55-64 years,M,340,247296,137.5
2018,Delaware,10,55-64 years,M,75,63601,117.9
2018,District of Columbia,11,55-64 years,M,103,33464,307.8
2018,Florida,12,55-64 years,M,2456,1350800,181.8
2018,Georgia,13,55-64 years,M,1011,610792,165.5
2018,Hawaii,15,55-64 years,M,140,88712,157.8
2018,Idaho,16,55-64 years,M,165,104779,157.5
2018,Illinois,17,55-64 years,M,1241,807085,153.8
2018,Indiana,18,55-64 years,M,866,425033,203.7
2018,Iowa,19,55-64 years,M,439,206316,212.8
2018,Kansas,20,55-64 years,M,333,182060,182.9
2018,Kentucky,21,55-64 years,M,755,287608,262.5
2018,Louisiana,22,55-64 years,M,693,289506,239.4
2018,Maine,23,55-64 years,M,118,102387,115.2
2018,Maryland,24,55-64 years,M,595,385450,154.4
2018,Massachusetts,25,55-64 years,M,553,451692,122.4
2018,Michigan,26,55-64 years,M,1466,681307,215.2
2018,Minnesota,27,55-64 years,M,407,373447,109.0
2018,Mississippi,28,55-64 years,M,459,183107,250.7
2018,Missouri,29,55-64 years,M,920,401127,229.4
2018,Montana,30,55-64 years,M,169,73700,229.3
2018,Nebraska,31,55-64 years,M,166,119990,138.3
2018,Nevada,32,55-64 years,M,390,185719,210.0
2018,New Hampshire,33,55-64 years,M,146,104235,140.1
2018,New Jersey,34,55-64 years,M,835,588230,142.0
2018,New Mexico,35,55-64 years,M,265,130972,202.3
2018,New York,36,55-64 years,M,2239,1242850,180.2
2018,North Carolina,37,55-64 years,M,1223,636355,192.2
2018,North Dakota,38,55-64 years,M,70,47869,146.2
2018,Ohio,39,55-64 years,M,1578,779388,202.5
2018,Oklahoma,40,55-64 years,M,552,238648,231.3
2018,Oregon,41,55-64 years,M,290,261776,110.8
2018,Pennsylvania,42,55-64 years,M,1596,877084,182.0
2018,Rhode Island,44,55-64 years,M,124,71173,174.2
2018,South Carolina,45,55-64 years,M,630,317996,198.1
2018,South Dakota,46,55-64 years,M,113,58278,193.9
2018,Tennessee,47,55-64 years,M,1155,422206,273.6
2018,Texas,48,55-64 years,M,3184,1570024,202.8
2018,Utah,49,55-64 years,M,123,147287,83.5
2018,Vermont,50,55-64 years,M,94,46990,200.0
2018,Virginia,51,55-64 years,M,796,532585,149.5
2018,Washington,53,55-64 years,M,704,469403,150.0
2018,West Virginia,54,55-64 years,M,347,125636,276.2
2018,Wisconsin,55,55-64 years,M,637,405508,157.1
2018,Wyoming,56,55-64 years,M,67,40043,167.3
2019,Alabama,01,55-64 years,M,538,312875,172.0
2019,Alaska,02,55-64 years,M,78,48070,162.3
2019,Arizona,04,55-64 years,M,653,420745,155.2
2019,Arkansas,05,55-64 years,M,604,185818,325.0
2019,California,06,55-64 years,M,3582,2331519,153.6
2019,Colorado,08,55-64 years,M,403,347948,115.8
2019,Connecticut,09,55-64 years,M,293,247875,118.2
2019,Delaware,10,55-64 years,M,91,64598,140.9
2019,District of Columbia,11,55-64 years,M,83,33520,247.6
2019,Florida,12,55-64 years,M,2464,1374993,179.2
2019,Georgia,13,55-64 years,M,963,622328,154.7
2019,Hawaii,15,55-64 years,M,126,87900,143.3
2019,Idaho,16,55-64 years,M,146,106369,137.3
2019,Illinois,17,55-64 years,M,1186,804184,147.5
2019,Indiana,18,55-64 years,M,806,425919,189.2
2019,Iowa,19,55-64 years,M,471,205215,229.5
2019,Kansas,20,55-64 years,M,325,181402,179.2
2019,Kentucky,21,55-64 years,M,667,287826,231.7
2019,Louisiana,22,55-64 years,M,649,288597,224.9
2019,Maine,23,55-64 years,M,123,102201,120.4
2019,Maryland,24,55-64 years,M,580,388761,149.2
2019,Massachusetts,25,55-64 years,M,488,453400,107.6
2019,Michigan,26,55-64 years,M,1448,680215,212.9
2019,Minnesota,27,55-64 years,M,358,374640,95.6
2019,Mississippi,28,55-64 years,M,489,183200,266.9
2019,Missouri,29,55-64 years,M,880,401982,218.9
2019,Montana,30,55-64 years,M,136,73015,186.3
2019,Nebraska,31,55-64 years,M,143,119759,119.4
2019,Nevada,32,55-64 years,M,389,189422,205.4
2019,New Hampshire,33,55-64 years,M,158,105037,150.4
2019,New Jersey,34,55-64 years,M,806,590363,136.5
2019,New Mexico,35,55-64 years,M,309,130258,237.2
2019,New York,36,55-64 years,M,2139,1244122,171.9
2019,North Carolina,37,55-64 years,M,1144,646738,176.9
2019,North Dakota,38,55-64 years,M,84,47408,177.2
2019,Ohio,39,55-64 years,M,1601,776529,206.2
2019,Oklahoma,40,55-64 years,M,503,238552,210.9
2019,Oregon,41,55-64 years,M,296,259421,114.1
2019,Pennsylvania,42,55-64 years,M,1559,874819,178.2
2019,Rhode Island,44,55-64 years,M,97,71376,135.9
2019,South Carolina,45,55-64 years,M,613,323337,189.6
2019,South Dakota,46,55-64 years,M,126,58485,215.4
2019,Tennessee,47,55-64 years,M,1255,426239,294.4
2019,Texas,48,55-64 years,M,2931,1591565,184.2
2019,Utah,49,55-64 years,M,167,148584,112.4
2019,Vermont,50,55-64 years,M,88,46408,189.6
2019,Virginia,51,55-64 years,M,783,536633,145.9
2019,Washington,53,55-64 years,M,659,469642,140.3
2019,West Virginia,54,55-64 years,M,286,123655,231.3
2019,Wisconsin,55,55-64 years,M,647,406441,159.2
2019,Wyoming,56,55-64 years,M,47,39311,119.6
,,,,,,,
,,,,,,,
,,,,,,,
,,,,,,,
,,,,,,,
,,,,,,,
,,,,,,,
,,,,,,,
,,,,,,,
,,,,,,,
,,,,,,,
,,,,,,,
,,,,,,,
,,,,,,,
,,,,,,,
,,,,,,,
,,,,,,,
,,,,,,,
,,,,,,,
,,,,,,,
,,,,,,,
,,,,,,,
,,,,,,,
,,,,,,,
,,,,,,,
,,,,,,,
,,,,,,,
,,,,,,,
,,,,,,,
,,,,,,,
,,,,,,,
,,,,,,,
,,,,,,,
,,,,,,,
,,,,,,,
,,,,,,,
,,,,,,,
,,,,,,,
,,,,,,,
,,,,,,,
,,,,,,,
,,,,,,,
,,,,,,,
,,,,,,,
,,,,,,,
,,,,,,,
,,,,,,,
,,,,,,,
,,,,,,,
,,,,,,,
,,,,,,,
,,,,,,,
,,,,,,,
,,,,,,,
,,,,,,,
,,,,,,,
,,,,,,,
,,,,,,,
,,,,,,,
,,,,,,,
