year,state,state_code,deaths,population,crude_rate,unemployment_rate,poverty_rate,cigarette_tax_per_pack,expansion_year,treat_post
1999,Alabama,01,1350.0,996193.0,135.51590906581356,4.7,15.3,0.165,3000,0
2000,Alabama,01,1364.0,1015741.0,134.28620091145282,4.7,14.6,0.165,3000,0
2001,Alabama,01,1348.0,1048479.0,128.56719114069048,5.1,15.7,0.165,3000,0
2002,Alabama,01,1336.0,1077429.0,123.99888995005703,5.9,15.4,0.165,3000,0
2003,Alabama,01,1260.0,1105027.0,114.02436320560494,5.9,15.3,0.165,3000,0
2004,Alabama,01,1237.0,1133736.0,109.1082932887374,5.6,16.1,0.425,3000,0
2005,Alabama,01,1263.0,1163718.0,108.53144834057736,4.5,16.9,0.425,3000,0
2006,Alabama,01,1281.0,1196222.0,107.08714603142226,4.0,16.6,0.425,3000,0
2007,Alabama,01,1234.0,1222870.0,100.91015398202589,4.1,16.6,0.425,3000,0
2008,Alabama,01,1263.0,1244494.0,101.48703007005257,5.9,15.9,0.425,3000,0
2009,Alabama,01,1350.0,1265621.0,106.6670037870737,9.7,17.5,0.425,3000,0
2010,Alabama,01,1259.0,1281887.0,98.21458521694971,10.4,18.9,0.425,3000,0
2011,Alabama,01,1361.0,1295372.0,105.06634387650806,9.6,19.1,0.425,3000,0
2012,Alabama,01,1242.0,1288872.0,96.36333165744931,8.2,19.0,0.425,3000,0
2013,Alabama,01,1236.0,1287234.0,96.01983788495332,7.4,18.9,0.425,3000,0
2014,Alabama,01,1213.0,1286061.0,94.31900975148146,6.8,19.2,0.425,3000,0
2015,Alabama,01,1238.0,1287439.0,96.1598957309822,6.1,18.5,0.425,3000,0
2016,Alabama,01,1195.0,1289110.0,92.69961446269131,5.8,17.2,0.675,3000,0
2017,Alabama,01,1220.0,1287177.0,94.78105963670886,4.5,16.9,0.675,3000,0
2018,Alabama,01,1216.0,1282637.0,94.80468753045484,3.9,16.8,0.675,3000,0
2019,Alabama,01,1096.0,1274283.0,86.00915181321574,3.2,15.6,0.675,3000,0
1999,Alaska,02,109.0,135461.0,80.46596437350972,6.4,8.8,1.0,2015,0
2000,Alaska,02,121.0,139702.0,86.61293324361856,6.3,8.5,1.0,2015,0
2001,Alaska,02,109.0,147596.0,73.85023984389821,6.3,8.7,1.0,2015,0
2002,Alaska,02,142.0,155272.0,91.45241898088516,7.2,9.3,1.0,2015,0
2003,Alaska,02,110.0,162136.0,67.84427887699216,7.7,9.8,1.0,2015,0
2004,Alaska,02,130.0,169057.0,76.89714120089674,7.4,10.0,1.0,2015,0
2005,Alaska,02,128.0,175353.0,72.995614560344,6.9,10.8,1.6,2015,0
2006,Alaska,02,100.0,181283.0,55.162370437382435,6.6,10.9,1.6,2015,0
2007,Alaska,02,103.0,185355.0,55.569043187397156,6.2,9.8,1.8,2015,0
2008,Alaska,02,107.0,189130.0,56.57484270078782,6.5,9.2,2.0,2015,0
2009,Alaska,02,161.0,195393.0,82.39803882431818,7.8,9.1,2.0,2015,0
2010,Alaska,02,138.0,196935.0,70.07388224541093,8.0,11.0,2.0,2015,0
2011,Alaska,02,175.0,200496.0,87.28353682866491,7.6,10.8,2.0,2015,0
2012,Alaska,02,159.0,199082.0,79.866587637255,7.1,10.8,2.0,2015,0
2013,Alaska,02,136.0,193302.0,70.35623014764461,6.9,10.1,2.0,2015,0
2014,Alaska,02,170.0,190633.0,89.17658537608914,6.7,11.4,2.0,2015,0
2015,Alaska,02,163.0,188064.0,86.67262208609836,6.3,10.4,2.0,2015,1
2016,Alaska,02,166.0,189489.0,87.60402978537013,6.6,9.9,2.0,2015,1
2017,Alaska,02,144.0,186651.0,77.14933217609335,6.6,11.0,2.0,2015,1
2018,Alaska,02,145.0,182719.0,79.35682660259742,6.1,11.1,2.0,2015,1
2019,Alaska,02,129.0,178469.0,72.28146064582644,5.6,10.2,2.0,2015,1
1999,Arizona,04,1214.0,1032514.0,117.57709822820803,4.5,12.8,0.58,2014,0
2000,Arizona,04,1180.0,1070276.0,110.25193501489335,4.0,12.5,0.58,2014,0
2001,Arizona,04,1180.0,1128753.0,104.54014297193453,4.7,13.2,0.58,2014,0
2002,Arizona,04,1268.0,1179404.0,107.5119297543505,6.2,13.6,0.58,2014,0
2003,Arizona,04,1221.0,1230617.0,99.21852209095113,5.8,13.9,1.18,2014,0
2004,Arizona,04,1253.0,1286040.0,97.43087306771173,5.0,14.6,1.18,2014,0
2005,Arizona,04,1360.0,1353018.0,100.51603156794663,4.6,14.4,1.18,2014,0
2006,Arizona,04,1338.0,1417801.0,94.37149501234659,4.3,14.2,1.18,2014,0
2007,Arizona,04,1260.0,1468199.0,85.81942911008657,3.7,14.1,2.0,2014,0
2008,Arizona,04,1322.0,1507727.0,87.68165589659135,5.8,14.7,2.0,2014,0
2009,Arizona,04,1290.0,1540845.0,83.72029633090933,9.7,16.5,2.0,2014,0
2010,Arizona,04,1274.0,1568774.0,81.20991296388135,10.4,17.6,2.0,2014,0
2011,Arizona,04,1372.0,1598632.0,85.82337898903563,9.5,19.0,2.0,2014,0
2012,Arizona,04,1314.0,1603872.0,81.9267372957443,8.4,18.7,2.0,2014,0
2013,Arizona,04,1246.0,1613067.0,77.24415662833596,7.8,18.6,2.0,2014,0
2014,Arizona,04,1204.0,1633417.0,73.71050993102189,6.8,18.2,2.0,2014,1
2015,Arizona,04,1325.0,1657469.0,79.9411633038084,6.1,17.4,2.0,2014,1
2016,Arizona,04,1389.0,1678039.0,82.77519175656823,5.5,16.4,2.0,2014,1
2017,Arizona,04,1302.0,1694017.0,76.85873282263401,5.0,14.9,2.0,2014,1
2018,Arizona,04,1184.0,1717067.0,68.95479326083374,4.8,14.1,2.0,2014,1
2019,Arizona,04,1180.0,1732884.0,68.09457528605492,4.8,13.5,2.0,2014,1
1999,Arkansas,05,841.0,591060.0,142.28673907894293,4.5,15.1,0.315,2014,0
2000,Arkansas,05,924.0,606302.0,152.39929935906528,4.2,15.0,0.315,2014,0
2001,Arkansas,05,964.0,625960.0,154.00345069972522,4.8,15.9,0.315,2014,0
2002,Arkansas,05,1068.0,642505.0,166.22438735885322,5.3,16.3,0.34,2014,0
2003,Arkansas,05,977.0,657421.0,148.61101181738945,5.8,16.0,0.59,2014,0
2004,Arkansas,05,1018.0,673738.0,151.0973108240889,5.6,15.6,0.59,2014,0
2005,Arkansas,05,1031.0,691183.0,149.16454831788397,5.3,17.2,0.59,2014,0
2006,Arkansas,05,1078.0,709982.0,151.83483524934437,5.2,17.3,0.59,2014,0
2007,Arkansas,05,1043.0,724609.0,143.93969713321252,5.4,17.6,0.59,2014,0
2008,Arkansas,05,1110.0,737074.0,150.59546259941337,5.4,17.3,0.59,2014,0
2009,Arkansas,05,1100.0,749138.0,146.8354295203287,7.7,18.5,1.15,2014,0
2010,Arkansas,05,1096.0,758257.0,144.54202203210784,7.8,18.7,1.15,2014,0
2011,Arkansas,05,1139.0,767111.0,148.47916403232387,7.9,19.3,1.15,2014,0
2012,Arkansas,05,1124.0,761087.0,147.6835105579257,7.2,19.6,1.15,2014,0
2013,Arkansas,05,1034.0,758066.0,136.39973300477794,7.0,19.4,1.15,2014,0
2014,Arkansas,05,1131.0,755423.0,149.71744307493947,5.9,18.7,1.15,2014,1
2015,Arkansas,05,1129.0,756882.0,149.16459897315565,5.0,18.7,1.15,2014,1
2016,Arkansas,05,1133.0,757242.0,149.6219174319438,4.0,17.2,1.15,2014,1
2017,Arkansas,05,1236.0,756507.0,163.38249348651104,3.7,16.3,1.15,2014,1
2018,Arkansas,05,1115.0,753134.0,148.04802332652622,3.6,16.8,1.15,2014,1
2019,Arkansas,05,1217.0,747576.0,162.7928130384068,3.5,16.0,1.15,2014,1
1999,California,06,6990.0,6732357.0,103.82693609385241,5.3,13.7,0.87,2014,0
2000,California,06,6718.0,6945728.0,96.7213228044634,4.9,12.7,0.87,2014,0
2001,California,06,6583.0,7262695.0,90.64128398617869,5.5,12.9,0.87,2014,0
2002,California,06,6882.0,7531818.0,91.37236189190976,6.7,13.3,0.87,2014,0
2003,California,06,7123.0,7797979.0,91.34418033185264,6.9,13.7,0.87,2014,0
2004,California,06,6764.0,8035211.0,84.17949447749412,6.2,13.2,0.87,2014,0
2005,California,06,7015.0,8279719.0,84.72509755463923,5.4,13.3,0.87,2014,0
2006,California,06,7041.0,8498120.0,82.85361938875893,4.9,13.1,0.87,2014,0
2007,California,06,6833.0,8705909.0,78.48692192854303,5.3,12.4,0.87,2014,0
2008,California,06,6741.0,8907401.0,75.67864071686006,7.3,13.3,0.87,2014,0
2009,California,06,6605.0,9125993.0,72.3756855829278,11.5,14.2,0.87,2014,0
2010,California,06,6482.0,9288864.0,69.78248362770734,12.3,15.8,0.87,2014,0
2011,California,06,6598.0,9470194.0,69.67122320831021,11.7,16.6,0.87,2014,0
2012,California,06,6673.0,9535809.0,69.97833115155726,10.4,17.0,0.87,2014,0
2013,California,06,6437.0,9615601.0,66.94329350812289,9.0,16.8,0.87,2014,0
2014,California,06,6272.0,9763144.0,64.24160086136187,7.6,16.4,0.87,2014,1
2015,California,06,6426.0,9876676.0,65.06237523636494,6.2,15.4,0.87,2014,1
2016,California,06,6561.0,9884015.0,66.37990735546234,5.5,14.4,0.87,2014,1
2017,California,06,6434.0,9925366.0,64.82380599365304,4.8,13.3,2.87,2014,1
2018,California,06,6430.0,9853200.0,65.25798725287216,4.3,12.8,2.87,2014,1
2019,California,06,6273.0,9766380.0,64.23055420739313,4.1,11.8,2.87,2014,1
1999,Colorado,08,711.0,922105.0,77.10618638875182,3.0,8.9,0.2,2014,0
2000,Colorado,08,677.0,953432.0,71.00663707532367,2.7,8.9,0.2,2014,0
2001,Colorado,08,647.0,1007267.0,64.23321721053107,3.8,8.7,0.2,2014,0
2002,Colorado,08,747.0,1049321.0,71.18889262675579,5.7,9.5,0.2,2014,0
2003,Colorado,08,715.0,1089599.0,65.62047138442675,6.1,10.0,0.2,2014,0
2004,Colorado,08,719.0,1125413.0,63.887657242274614,5.6,10.2,0.2,2014,0
2005,Colorado,08,713.0,1168558.0,61.01537108128138,5.1,10.9,0.84,2014,0
2006,Colorado,08,768.0,1211687.0,63.3827052695952,4.2,11.6,0.84,2014,0
2007,Colorado,08,766.0,1252323.0,61.16632849512467,3.7,11.5,0.84,2014,0
2008,Colorado,08,754.0,1286548.0,58.60644142309498,4.8,11.2,0.84,2014,0
2009,Colorado,08,740.0,1319651.0,56.075432064992945,8.0,12.6,0.84,2014,0
2010,Colorado,08,692.0,1340342.0,51.628614189512824,9.2,13.2,0.84,2014,0
2011,Colorado,08,777.0,1363002.0,57.00651943284016,8.7,13.4,0.84,2014,0
2012,Colorado,08,757.0,1367297.0,55.36470861853716,8.0,13.6,0.84,2014,0
2013,Colorado,08,708.0,1373276.0,51.55555037734585,6.7,12.9,0.84,2014,0
2014,Colorado,08,791.0,1384601.0,57.12837127807939,5.0,12.1,0.84,2014,1
2015,Colorado,08,786.0,1399924.0,56.14590506341772,3.7,11.5,0.84,2014,1
2016,Colorado,08,760.0,1417033.0,53.63318991159697,3.1,11.0,0.84,2014,1
2017,Colorado,08,728.0,1421613.0,51.20943604201707,2.6,10.3,0.84,2014,1
2018,Colorado,08,682.0,1420771.0,48.00210589883943,3.0,9.7,0.84,2014,1
2019,Colorado,08,680.0,1419163.0,47.91556713358508,2.7,9.4,0.84,2014,1
1999,Connecticut,09,761.0,771779.0,98.60335666039113,2.5,7.5,0.5,2014,0
2000,Connecticut,09,748.0,789420.0,94.75310987813839,2.1,7.3,0.5,2014,0
2001,Connecticut,09,703.0,820033.0,85.72825727745104,2.9,7.1,0.5,2014,0
2002,Connecticut,09,737.0,846241.0,87.09102962394873,4.4,7.8,1.11,2014,0
2003,Connecticut,09,709.0,872795.0,81.23327929238825,5.4,8.0,1.51,2014,0
2004,Connecticut,09,658.0,896836.0,73.36904406156755,5.0,9.1,1.51,2014,0
2005,Connecticut,09,620.0,921577.0,67.27598453520433,4.9,8.3,1.51,2014,0
2006,Connecticut,09,586.0,946705.0,61.89890198108175,4.4,8.3,1.51,2014,0
2007,Connecticut,09,557.0,966634.0,57.62263690290224,4.5,7.9,1.51,2014,0
2008,Connecticut,09,616.0,982536.0,62.694903799962546,5.6,9.1,2.0,2014,0
2009,Connecticut,09,616.0,1003524.0,61.38368389794365,8.3,9.3,2.0,2014,0
2010,Connecticut,09,589.0,1019049.0,57.79898709483058,9.5,10.1,3.0,2014,0
2011,Connecticut,09,575.0,1034162.0,55.60057321773571,9.0,10.8,3.0,2014,0
2012,Connecticut,09,618.0,1034010.0,59.76731366234369,8.4,10.6,3.4,2014,0
2013,Connecticut,09,536.0,1033761.0,51.84950873557815,7.9,10.7,3.4,2014,0
2014,Connecticut,09,528.0,1034514.0,51.038458638549116,6.6,10.8,3.4,2014,1
2015,Connecticut,09,557.0,1034933.0,53.81990911488957,5.6,10.6,3.4,2014,1
2016,Connecticut,09,561.0,1028705.0,54.534584744897714,4.9,9.9,3.65,2014,1
2017,Connecticut,09,583.0,1022836.0,56.99838488281601,4.4,9.7,3.9,2014,1
2018,Connecticut,09,615.0,1006756.0,61.0872942401138,3.9,10.3,4.35,2014,1
2019,Connecticut,09,553.0,990360.0,55.83828102912072,3.6,9.9,4.35,2014,1
1999,Delaware,10,199.0,170714.0,116.56923275185397,3.2,9.4,0.24,2014,0
2000,Delaware,10,222.0,175518.0,126.48275390558233,3.4,8.7,0.24,2014,0
2001,Delaware,10,214.0,183805.0,116.42773591578032,3.5,8.4,0.24,2014,0
2002,Delaware,10,194.0,191073.0,101.53187525186709,4.1,9.3,0.24,2014,0
2003,Delaware,10,214.0,198707.0,107.69625629695986,4.3,9.0,0.24,2014,0
2004,Delaware,10,228.0,206390.0,110.47046853045205,4.0,9.6,0.55,2014,0
2005,Delaware,10,256.0,214570.0,119.30838421028102,4.1,10.3,0.55,2014,0
2006,Delaware,10,231.0,222436.0,103.85009620744843,3.6,10.7,0.55,2014,0
2007,Delaware,10,251.0,229153.0,109.5338049250937,3.4,10.3,0.55,2014,0
2008,Delaware,10,244.0,235098.0,103.786506052795,4.8,10.3,1.15,2014,0
2009,Delaware,10,210.0,240336.0,87.37767126023567,8.2,11.2,1.15,2014,0
2010,Delaware,10,208.0,244483.0,85.07749005043296,8.3,11.9,1.6,2014,0
2011,Delaware,10,216.0,249528.0,86.56343175916129,7.4,12.6,1.6,2014,0
2012,Delaware,10,185.0,250128.0,73.96213138872898,7.0,12.7,1.6,2014,0
2013,Delaware,10,226.0,251824.0,89.74521888302941,6.5,12.9,1.6,2014,0
2014,Delaware,10,194.0,253624.0,76.49118379964041,5.6,13.0,1.6,2014,1
2015,Delaware,10,214.0,256596.0,83.39958534037943,4.8,12.6,1.6,2014,1
2016,Delaware,10,199.0,258331.0,77.03295384603474,4.5,11.8,1.6,2014,1
2017,Delaware,10,196.0,258759.0,75.74615762157065,4.4,13.0,1.6,2014,1
2018,Delaware,10,149.0,258130.0,57.722852826095384,3.7,12.2,2.1,2014,1
2019,Delaware,10,162.0,256611.0,63.13057507277552,3.6,11.2,2.1,2014,1
1999,District of Columbia,11,160.0,121948.0,131.20346377144355,6.5,17.3,0.65,2014,0
2000,District of Columbia,11,172.0,125093.0,137.4977017099278,5.7,16.3,0.65,2014,0
2001,District of Columbia,11,194.0,128215.0,151.3083492571072,6.3,17.5,0.65,2014,0
2002,District of Columbia,11,203.0,130398.0,155.6772343134097,6.6,17.2,0.65,2014,0
2003,District of Columbia,11,220.0,131088.0,167.8261930916636,6.8,17.5,1.0,2014,0
2004,District of Columbia,11,186.0,132297.0,140.5927572053788,7.5,18.3,1.0,2014,0
2005,District of Columbia,11,208.0,133429.0,155.88815025219407,6.5,18.3,1.0,2014,0
2006,District of Columbia,11,218.0,134355.0,162.25670797514047,5.8,18.1,1.0,2014,0
2007,District of Columbia,11,195.0,135387.0,144.03155398967405,5.5,17.1,1.0,2014,0
2008,District of Columbia,11,206.0,136532.0,150.88037969120793,6.5,16.9,1.0,2014,0
2009,District of Columbia,11,143.0,138293.0,103.4036429898838,9.6,17.6,2.0,2014,0
2010,District of Columbia,11,197.0,139680.0,141.03665521191294,9.8,18.8,2.5,2014,0
2011,District of Columbia,11,154.0,142582.0,108.00802345317081,10.1,19.1,2.5,2014,0
2012,District of Columbia,11,168.0,143228.0,117.29550087971624,8.9,18.8,2.86,2014,0
2013,District of Columbia,11,168.0,144803.0,116.01969572453609,8.4,18.8,2.86,2014,0
2014,District of Columbia,11,185.0,145624.0,127.03949898368401,7.7,18.4,2.86,2014,1
2015,District of Columbia,11,152.0,147182.0,103.27349811797637,6.9,17.7,2.9,2014,1
2016,District of Columbia,11,165.0,147565.0,111.81513231457323,6.2,18.5,2.91,2014,1
2017,District of Columbia,11,149.0,146342.0,101.81629334025774,6.1,16.6,2.92,2014,1
2018,District of Columbia,11,190.0,145755.0,130.3557339370862,5.7,16.1,2.94,2014,1
2019,District of Columbia,11,156.0,144162.0,108.21159528863363,5.5,14.1,4.94,2014,1
1999,Florida,12,4368.0,3501392.0,124.75038498974122,3.9,12.4,0.339,3000,0
2000,Florida,12,4372.0,3628492.0,120.49082649210746,3.7,11.7,0.339,3000,0
2001,Florida,12,4438.0,3815136.0,116.32612834771815,4.7,12.6,0.339,3000,0
2002,Florida,12,4375.0,3982690.0,109.85037750866876,5.6,12.8,0.339,3000,0
2003,Florida,12,4455.0,4143913.0,107.50708328094727,5.3,13.0,0.339,3000,0
2004,Florida,12,4537.0,4325200.0,104.89688338111533,4.6,11.9,0.339,3000,0
2005,Florida,12,4429.0,4518779.0,98.0132022389234,3.7,12.8,0.339,3000,0
2006,Florida,12,4399.0,4682231.0,93.95093919971056,3.3,12.6,0.339,3000,0
2007,Florida,12,4278.0,4800683.0,89.1123200594582,4.0,12.1,0.339,3000,0
2008,Florida,12,4262.0,4892666.0,87.10997235454046,6.3,13.3,0.339,3000,0
2009,Florida,12,4177.0,4989792.0,83.71090418197792,10.2,15.0,0.339,3000,0
2010,Florida,12,4219.0,5079161.0,83.06489989193096,11.3,16.5,1.339,3000,0
2011,Florida,12,4194.0,5183082.0,80.91710684878225,10.2,17.0,1.339,3000,0
2012,Florida,12,4280.0,5210087.0,82.14834032521914,8.7,17.2,1.339,3000,0
2013,Florida,12,4157.0,5238644.0,79.35259582441563,7.5,17.1,1.339,3000,0
2014,Florida,12,4324.0,5310833.0,81.41848934056108,6.5,16.6,1.339,3000,0
2015,Florida,12,4373.0,5402166.0,80.94901193336155,5.5,15.8,1.339,3000,0
2016,Florida,12,4430.0,5483473.0,80.78821578951879,4.9,14.8,1.339,3000,0
2017,Florida,12,4480.0,5565463.0,80.4964474653771,4.3,14.1,1.339,3000,0
2018,Florida,12,4458.0,5600973.0,79.59331351891895,3.6,13.7,1.339,3000,0
2019,Florida,12,4386.0,5607750.0,78.21318710712852,3.2,12.7,1.339,3000,0
1999,Georgia,13,2160.0,1689398.0,127.85619492860772,3.8,12.7,0.12,3000,0
2000,Georgia,13,2084.0,1741448.0,119.67052705564565,3.5,12.3,0.12,3000,0
2001,Georgia,13,2071.0,1827422.0,113.3290504327955,4.0,12.7,0.12,3000,0
2002,Georgia,13,2134.0,1899932.0,112.31980934054482,5.0,13.0,0.12,3000,0
2003,Georgia,13,2156.0,1970222.0,109.42929273959989,4.8,13.4,0.12,3000,0
2004,Georgia,13,2082.0,2038368.0,102.14053595817832,4.8,13.7,0.37,3000,0
2005,Georgia,13,2029.0,2119838.0,95.71486122996191,5.3,14.5,0.37,3000,0
2006,Georgia,13,1979.0,2200726.0,89.92487024736383,4.7,14.8,0.37,3000,0
2007,Georgia,13,1871.0,2282405.0,81.97493433461634,4.6,14.3,0.37,3000,0
2008,Georgia,13,1770.0,2345888.0,75.45117243448962,6.4,14.7,0.37,3000,0
2009,Georgia,13,1910.0,2410651.0,79.23170960873225,9.9,16.6,0.37,3000,0
2010,Georgia,13,1952.0,2460809.0,79.32350702553511,10.4,18.0,0.37,3000,0
2011,Georgia,13,1852.0,2511125.0,73.75180447010803,10.0,19.2,0.37,3000,0
2012,Georgia,13,1791.0,2529059.0,70.81685322485556,9.0,19.2,0.37,3000,0
2013,Georgia,13,2010.0,2551485.0,78.77765301383313,8.1,19.0,0.37,3000,0
2014,Georgia,13,1983.0,2577733.0,76.92806043139457,7.1,18.4,0.37,3000,0
2015,Georgia,13,2046.0,2615881.0,78.214567099956,6.1,17.2,0.37,3000,0
2016,Georgia,13,1992.0,2653509.0,75.07040677080802,5.4,16.1,0.37,3000,0
2017,Georgia,13,2023.0,2682648.0,75.41056448702923,4.8,15.1,0.37,3000,0
2018,Georgia,13,2066.0,2697120.0,76.6002254256392,4.0,14.5,0.37,3000,0
2019,Georgia,13,1958.0,2707185.0,72.32605086094966,3.6,13.5,0.37,3000,0
1999,Hawaii,15,265.0,270899.0,97.82243566790575,5.2,10.5,1.0,2014,0
2000,Hawaii,15,256.0,277940.0,92.10620997337554,4.2,9.9,1.0,2014,0
2001,Hawaii,15,234.0,290188.0,80.63737990544061,4.3,10.4,1.0,2014,0
2002,Hawaii,15,257.0,301116.0,85.34916776258984,4.0,11.0,1.0,2014,0
2003,Hawaii,15,248.0,311559.0,79.5996905882995,3.9,10.8,1.3,2014,0
2004,Hawaii,15,249.0,324979.0,76.62033546783023,3.3,9.0,1.4,2014,0
2005,Hawaii,15,238.0,334648.0,71.11950467356745,2.8,9.9,1.4,2014,0
2006,Hawaii,15,261.0,343811.0,75.9138014781377,2.5,9.4,1.4,2014,0
2007,Hawaii,15,225.0,352482.0,63.83304679387884,2.8,8.5,1.6,2014,0
2008,Hawaii,15,251.0,359325.0,69.85319696653447,4.1,9.3,1.8,2014,0
2009,Hawaii,15,237.0,364508.0,65.01914909960824,6.5,10.4,2.0,2014,0
2010,Hawaii,15,221.0,369327.0,59.838571239037485,6.7,11.1,2.6,2014,0
2011,Hawaii,15,258.0,369086.0,69.90240756896766,6.7,12.1,3.0,2014,0
2012,Hawaii,15,271.0,367582.0,73.72504638420814,5.8,11.8,3.2,2014,0
2013,Hawaii,15,253.0,359727.0,70.33111220453289,4.7,11.2,3.2,2014,0
2014,Hawaii,15,285.0,357988.0,79.61160709297518,4.2,11.5,3.2,2014,1
2015,Hawaii,15,244.0,355052.0,68.72232799702579,3.4,10.7,3.2,2014,1
2016,Hawaii,15,210.0,362677.0,57.902761961745576,2.9,9.5,3.2,2014,1
2017,Hawaii,15,246.0,358089.0,68.69800524450625,2.2,9.5,3.2,2014,1
2018,Hawaii,15,257.0,351351.0,73.14622699238083,2.4,9.0,3.2,2014,1
2019,Hawaii,15,227.0,346884.0,65.4397435453927,2.5,9.0,3.2,2014,1
1999,Idaho,16,256.0,269265.0,95.0736263532208,5.0,12.1,0.28,2020,0
2000,Idaho,16,261.0,277777.0,93.96026308873664,4.6,11.2,0.28,2020,0
2001,Idaho,16,240.0,291603.0,82.30368000329214,5.1,11.5,0.28,2020,0
2002,Idaho,16,292.0,303381.0,96.24861148193196,5.7,11.7,0.28,2020,0
2003,Idaho,16,301.0,314932.0,95.57618787547788,5.6,11.7,0.57,2020,0
2004,Idaho,16,279.0,326759.0,85.38402920807079,4.9,11.5,0.57,2020,0
2005,Idaho,16,257.0,341557.0,75.24366357591852,4.0,13.4,0.57,2020,0
2006,Idaho,16,278.0,356059.0,78.07694792155232,3.4,12.8,0.57,2020,0
2007,Idaho,16,280.0,368093.0,76.06773288272257,3.0,12.1,0.57,2020,0
2008,Idaho,16,247.0,376702.0,65.56907051196967,5.0,12.5,0.57,2020,0
2009,Idaho,16,317.0,383795.0,82.59617764692089,9.1,14.4,0.57,2020,0
2010,Idaho,16,247.0,388850.0,63.520637778063524,9.1,15.8,0.57,2020,0
2011,Idaho,16,282.0,395178.0,71.36024778707316,8.4,16.5,0.57,2020,0
2012,Idaho,16,246.0,395199.0,62.247121070650486,7.5,16.0,0.57,2020,0
2013,Idaho,16,261.0,396439.0,65.83610593306915,6.9,15.6,0.57,2020,0
2014,Idaho,16,283.0,398806.0,70.96182103579183,4.4,14.8,0.57,2020,0
2015,Idaho,16,294.0,402352.0,73.07034636338331,3.9,14.7,0.57,2020,0
2016,Idaho,16,293.0,406859.0,72.01512071749673,3.7,13.8,0.57,2020,0
2017,Idaho,16,281.0,411119.0,68.35003976950713,3.2,12.6,0.57,2020,0
2018,Idaho,16,296.0,414775.0,71.36399252606834,2.9,11.7,0.57,2020,0
2019,Idaho,16,267.0,420126.0,63.552362862569794,2.9,11.0,0.57,2020,0
1999,Illinois,17,3472.0,2613389.0,132.85431292471193,4.4,10.1,0.58,2014,0
2000,Illinois,17,3326.0,2667375.0,124.69187871971509,4.5,10.0,0.58,2014,0
2001,Illinois,17,3295.0,2757133.0,119.50819927801814,5.4,10.1,0.58,2014,0
2002,Illinois,17,3401.0,2834615.0,119.98102035020628,6.5,11.3,0.58,2014,0
2003,Illinois,17,3252.0,2908431.0,111.8128640493792,6.7,11.4,0.98,2014,0
2004,Illinois,17,3128.0,2979461.0,104.98543192879518,6.2,11.9,0.98,2014,0
2005,Illinois,17,3165.0,3056388.0,103.55360641384536,5.7,12.0,0.98,2014,0
2006,Illinois,17,3051.0,3128230.0,97.53119176019666,4.6,12.3,0.98,2014,0
2007,Illinois,17,3005.0,3189720.0,94.20889607865267,5.1,11.9,0.98,2014,0
2008,Illinois,17,3060.0,3240921.0,94.4176053658821,6.5,12.2,0.98,2014,0
2009,Illinois,17,2928.0,3300115.0,88.72418082400159,10.0,13.3,0.98,2014,0
2010,Illinois,17,2868.0,3344086.0,85.76334460297971,10.4,13.8,0.98,2014,0
2011,Illinois,17,2905.0,3388123.0,85.7406888710947,9.8,14.9,0.98,2014,0
2012,Illinois,17,2848.0,3381964.0,84.2114227117734,9.0,14.7,0.98,2014,0
2013,Illinois,17,2688.0,3385364.0,79.4006198447198,9.1,14.6,1.98,2014,0
2014,Illinois,17,2632.0,3390662.0,77.62495937371523,7.2,14.3,1.98,2014,1
2015,Illinois,17,2544.0,3391040.0,75.02123242427102,6.0,13.6,1.98,2014,1
2016,Illinois,17,2482.0,3368867.0,73.67462117085655,5.9,13.0,1.98,2014,1
2017,Illinois,17,2288.0,3349096.0,68.31694284069492,5.0,12.5,1.98,2014,1
2018,Illinois,17,2368.0,3305037.0,71.64821452830937,4.4,12.1,1.98,2014,1
2019,Illinois,17,2218.0,3258072.0,68.0770713477173,4.0,11.4,1.98,2014,1
1999,Indiana,18,1760.0,1318702.0,133.46457349727234,2.9,8.7,0.155,2015,0
2000,Indiana,18,1773.0,1346709.0,131.65427720465223,3.0,8.8,0.155,2015,0
2001,Indiana,18,1698.0,1394274.0,121.78381006889609,4.2,9.0,0.155,2015,0
2002,Indiana,18,1644.0,1435398.0,114.53269406812605,5.1,9.6,0.155,2015,0
2003,Indiana,18,1744.0,1475938.0,118.1621450223519,5.2,10.0,0.555,2015,0
2004,Indiana,18,1745.0,1514290.0,115.23552291833137,5.4,11.1,0.555,2015,0
2005,Indiana,18,1670.0,1556874.0,107.26622706782952,5.4,12.2,0.555,2015,0
2006,Indiana,18,1661.0,1597866.0,103.9511448394296,5.0,12.5,0.555,2015,0
2007,Indiana,18,1615.0,1633325.0,98.87805550028318,4.6,12.3,0.555,2015,0
2008,Indiana,18,1706.0,1661552.0,102.67508931408706,5.9,12.9,0.995,2015,0
2009,Indiana,18,1583.0,1693506.0,93.47472049109953,10.2,14.4,0.995,2015,0
2010,Indiana,18,1659.0,1715911.0,96.68333614039423,10.0,15.3,0.995,2015,0
2011,Indiana,18,1744.0,1738363.0,100.3242705925057,8.9,15.8,0.995,2015,0
2012,Indiana,18,1660.0,1732932.0,95.79141016496897,8.2,15.5,0.995,2015,0
2013,Indiana,18,1593.0,1734390.0,91.84785428882778,7.5,15.8,0.995,2015,0
2014,Indiana,18,1609.0,1733493.0,92.81837307678774,5.9,15.2,0.995,2015,0
2015,Indiana,18,1640.0,1734738.0,94.53877184912074,4.8,14.4,0.995,2015,1
2016,Indiana,18,1652.0,1730213.0,95.47957390217275,4.4,14.0,0.995,2015,1
2017,Indiana,18,1683.0,1725063.0,97.56165427001797,3.5,13.3,0.995,2015,1
2018,Indiana,18,1637.0,1713110.0,95.55720298171163,3.4,13.0,0.995,2015,1
2019,Indiana,18,1564.0,1699111.0,92.04813576040648,3.3,11.9,0.995,2015,1
1999,Iowa,19,711.0,638316.0,111.38683661384016,2.7,8.5,0.36,2014,0
2000,Iowa,19,738.0,650206.0,113.50248998009862,2.7,8.3,0.36,2014,0
2001,Iowa,19,701.0,671073.0,104.45957444272084,3.3,8.2,0.36,2014,0
2002,Iowa,19,690.0,689151.0,100.1231950617499,4.0,9.1,0.36,2014,0
2003,Iowa,19,767.0,706700.0,108.53261638601953,4.5,9.1,0.36,2014,0
2004,Iowa,19,693.0,724776.0,95.61574886585649,4.5,10.5,0.36,2014,0
2005,Iowa,19,723.0,743605.0,97.22903961108385,4.3,10.8,0.36,2014,0
2006,Iowa,19,751.0,762251.0,98.52397701019743,3.7,11.0,0.36,2014,0
2007,Iowa,19,723.0,777912.0,92.9411038780736,3.7,11.0,1.36,2014,0
2008,Iowa,19,751.0,790684.0,94.98105437823453,4.1,11.4,1.36,2014,0
2009,Iowa,19,792.0,803659.0,98.54926032060861,6.5,11.8,1.36,2014,0
2010,Iowa,19,787.0,812476.0,96.86439968688306,6.1,12.5,1.36,2014,0
2011,Iowa,19,766.0,821098.0,93.28971693999985,5.6,12.7,1.36,2014,0
2012,Iowa,19,834.0,817169.0,102.0596718671413,5.0,12.7,1.36,2014,0
2013,Iowa,19,807.0,815947.0,98.90348270169508,4.7,12.6,1.36,2014,0
2014,Iowa,19,751.0,813873.0,92.27483894907436,4.3,12.3,1.36,2014,1
2015,Iowa,19,691.0,812142.0,85.0836430082424,3.7,12.1,1.36,2014,1
2016,Iowa,19,760.0,805742.0,94.32299669124856,3.6,11.7,1.36,2014,1
2017,Iowa,19,739.0,798438.0,92.55571503360311,3.1,10.8,1.36,2014,1
2018,Iowa,19,756.0,788868.0,95.83352347921326,2.6,11.2,1.36,2014,1
2019,Iowa,19,807.0,778205.0,103.70018182869552,2.7,11.0,1.36,2014,1
1999,Kansas,20,578.0,561877.0,102.86948922984924,3.5,10.2,0.24,3000,0
2000,Kansas,20,580.0,574400.0,100.974930362117,3.7,8.9,0.24,3000,0
2001,Kansas,20,571.0,596898.0,95.66123525292429,4.3,9.5,0.24,3000,0
2002,Kansas,20,575.0,616483.0,93.27102288303165,5.1,10.0,0.24,3000,0
2003,Kansas,20,601.0,634975.0,94.64939564549786,5.6,10.4,0.79,3000,0
2004,Kansas,20,618.0,652367.0,94.73195302644064,5.5,11.1,0.79,3000,0
2005,Kansas,20,618.0,671418.0,92.04400239493133,5.1,11.7,0.79,3000,0
2006,Kansas,20,614.0,688108.0,89.23017898353166,4.4,12.2,0.79,3000,0
2007,Kansas,20,512.0,704882.0,72.63627103543571,4.3,11.2,0.79,3000,0
2008,Kansas,20,550.0,716536.0,76.75818102649413,4.6,11.3,0.79,3000,0
2009,Kansas,20,577.0,729538.0,79.09115083792757,7.1,13.2,0.79,3000,0
2010,Kansas,20,595.0,737511.0,80.6767627872669,7.0,13.5,0.79,3000,0
2011,Kansas,20,606.0,745054.0,81.3363863558883,6.4,13.8,0.79,3000,0
2012,Kansas,20,595.0,739901.0,80.41616378407382,5.7,14.0,0.79,3000,0
2013,Kansas,20,577.0,733315.0,78.6837852764501,5.3,13.9,0.79,3000,0
2014,Kansas,20,613.0,731201.0,83.83467746898596,4.5,13.5,0.79,3000,0
2015,Kansas,20,621.0,728095.0,85.29106778648391,4.2,12.9,0.79,3000,0
2016,Kansas,20,612.0,726517.0,84.23753332681822,4.0,12.2,1.29,3000,0
2017,Kansas,20,630.0,719199.0,87.59745216553416,3.6,11.9,1.29,3000,0
2018,Kansas,20,644.0,709362.0,90.78580470902021,3.3,11.9,1.29,3000,0
2019,Kansas,20,607.0,699466.0,86.78048682852348,3.2,11.3,1.29,3000,0
1999,Kentucky,21,1377.0,907427.0,151.7477438956522,4.5,14.3,0.03,2014,0
2000,Kentucky,21,1357.0,929527.0,145.98822842155204,4.2,13.9,0.03,2014,0
2001,Kentucky,21,1434.0,961309.0,149.17159831022076,5.2,14.7,0.03,2014,0
2002,Kentucky,21,1344.0,990336.0,135.71151609150834,5.8,14.8,0.03,2014,0
2003,Kentucky,21,1476.0,1019563.0,144.76790546538075,6.2,15.0,0.03,2014,0
2004,Kentucky,21,1355.0,1044090.0,129.77808426476645,5.5,16.3,0.03,2014,0
2005,Kentucky,21,1432.0,1072902.0,133.4697856840606,5.9,16.9,0.3,2014,0
2006,Kentucky,21,1397.0,1102089.0,126.7592726177287,5.7,17.0,0.3,2014,0
2007,Kentucky,21,1359.0,1123960.0,120.9117762197943,5.4,17.2,0.3,2014,0
2008,Kentucky,21,1439.0,1146722.0,125.48813051463215,6.5,17.3,0.3,2014,0
2009,Kentucky,21,1458.0,1166100.0,125.03215847697452,10.6,18.4,0.6,2014,0
2010,Kentucky,21,1374.0,1182090.0,116.23480445651347,10.3,18.9,0.6,2014,0
2011,Kentucky,21,1437.0,1198024.0,119.94751357234915,9.4,19.1,0.6,2014,0
2012,Kentucky,21,1507.0,1189839.0,126.65579124570634,8.2,19.3,0.6,2014,0
2013,Kentucky,21,1403.0,1191272.0,117.77327092385283,7.9,18.8,0.6,2014,0
2014,Kentucky,21,1479.0,1189055.0,124.384490204406,6.4,19.0,0.6,2014,1
2015,Kentucky,21,1453.0,1189457.0,122.15658069186192,5.3,18.3,0.6,2014,1
2016,Kentucky,21,1501.0,1187322.0,126.41894953517243,5.1,18.2,0.6,2014,1
2017,Kentucky,21,1423.0,1182649.0,120.32310516476147,4.8,17.1,0.6,2014,1
2018,Kentucky,21,1491.0,1174159.0,126.98450550564276,4.2,16.7,0.6,2014,1
2019,Kentucky,21,1385.0,1161951.0,119.19607625450644,4.1,16.0,1.1,2014,1
1999,Louisiana,22,1477.0,943679.0,156.51508616807197,4.9,18.3,0.2,2016,0
2000,Louisiana,22,1432.0,965319.0,148.34474406905903,5.1,17.3,0.2,2016,0
2001,Louisiana,22,1511.0,1000109.0,151.08353189502344,5.6,18.3,0.24,2016,0
2002,Louisiana,22,1490.0,1031950.0,144.3868404476961,6.0,18.1,0.24,2016,0
2003,Louisiana,22,1591.0,1062879.0,149.68778195824737,6.2,18.1,0.36,2016,0
2004,Louisiana,22,1480.0,1092639.0,135.45187385769682,5.7,19.2,0.36,2016,0
2005,Louisiana,22,1546.0,1123900.0,137.55672212830322,7.1,20.2,0.36,2016,0
2006,Louisiana,22,1525.0,1096422.0,139.08878150930937,4.1,19.4,0.36,2016,0
2007,Louisiana,22,1464.0,1125130.0,130.11829744118458,4.1,18.8,0.36,2016,0
2008,Louisiana,22,1565.0,1150107.0,136.07429569596567,4.7,17.6,0.36,2016,0
2009,Louisiana,22,1527.0,1173443.0,130.12988274675462,6.7,17.6,0.36,2016,0
2010,Louisiana,22,1564.0,1189937.0,131.43552978014802,7.4,18.8,0.36,2016,0
2011,Louisiana,22,1416.0,1205629.0,117.44906600620921,7.3,20.5,0.36,2016,0
2012,Louisiana,22,1510.0,1200566.0,125.77400992531855,6.7,20.1,0.36,2016,0
2013,Louisiana,22,1492.0,1201086.0,124.22091340670028,6.4,20.0,0.36,2016,0
2014,Louisiana,22,1564.0,1201120.0,130.21180231783669,6.2,19.9,0.36,2016,0
2015,Louisiana,22,1446.0,1200133.0,120.48664606339463,6.3,19.5,0.36,2016,0
2016,Louisiana,22,1423.0,1194838.0,119.09564309136469,6.0,20.1,1.08,2016,1
2017,Louisiana,22,1373.0,1185265.0,115.83907396236285,5.1,19.6,1.08,2016,1
2018,Louisiana,22,1312.0,1169572.0,112.17778811394253,4.8,18.7,1.08,2016,1
2019,Louisiana,22,1272.0,1153018.0,110.31917975261445,4.6,18.8,1.08,2016,1
1999,Maine,23,300.0,306163.0,97.98701998608584,4.0,10.6,0.74,2019,0
2000,Maine,23,313.0,315783.0,99.11869859998797,3.3,9.9,0.74,2019,0
2001,Maine,23,309.0,329150.0,93.87817104663527,3.8,10.2,0.74,2019,0
2002,Maine,23,293.0,341025.0,85.91745473205776,4.4,11.0,1.0,2019,0
2003,Maine,23,285.0,352964.0,80.74477850432339,5.1,10.7,1.0,2019,0
2004,Maine,23,249.0,364393.0,68.33281649208409,4.7,11.5,1.0,2019,0
2005,Maine,23,296.0,375155.0,78.90072103530541,4.9,12.3,1.0,2019,0
2006,Maine,23,310.0,385189.0,80.4799721695064,4.7,12.7,2.0,2019,0
2007,Maine,23,295.0,394024.0,74.86853592674558,4.7,12.2,2.0,2019,0
2008,Maine,23,290.0,400769.0,72.36088619628764,5.4,12.6,2.0,2019,0
2009,Maine,23,250.0,406351.0,61.523165932900376,8.3,12.6,2.0,2019,0
2010,Maine,23,245.0,410676.0,59.6577350514761,8.4,13.1,2.0,2019,0
2011,Maine,23,261.0,414702.0,62.93675940796041,7.8,14.2,2.0,2019,0
2012,Maine,23,253.0,411540.0,61.476405695679645,7.2,14.4,2.0,2019,0
2013,Maine,23,232.0,409470.0,56.65860746819058,6.7,14.0,2.0,2019,0
2014,Maine,23,241.0,406885.0,59.23049510303894,5.6,14.0,2.0,2019,0
2015,Maine,23,249.0,404361.0,61.578638889507154,4.4,13.2,2.0,2019,0
2016,Maine,23,242.0,401038.0,60.34340885402381,3.8,12.3,2.0,2019,0
2017,Maine,23,241.0,397650.0,60.60606060606061,3.4,11.3,2.0,2019,0
2018,Maine,23,198.0,392154.0,50.49036857969064,3.2,11.6,2.0,2019,0
2019,Maine,23,212.0,386290.0,54.88104791736778,2.9,10.9,2.0,2019,1
1999,Maryland,24,1363.0,1193472.0,114.20460639210638,3.4,8.0,0.36,2014,0
2000,Maryland,24,1361.0,1225408.0,111.06504935499034,3.6,7.9,0.66,2014,0
2001,Maryland,24,1376.0,1277071.0,107.74655442023192,4.1,7.7,0.66,2014,0
2002,Maryland,24,1392.0,1321843.0,105.30751382728509,4.5,8.3,1.0,2014,0
2003,Maryland,24,1421.0,1363393.0,104.22526740272247,4.5,8.8,1.0,2014,0
2004,Maryland,24,1448.0,1404618.0,103.08852656024628,4.3,9.2,1.0,2014,0
2005,Maryland,24,1391.0,1443478.0,96.36447524659192,4.2,8.3,1.0,2014,0
2006,Maryland,24,1402.0,1478738.0,94.81057496324568,3.8,8.0,1.0,2014,0
2007,Maryland,24,1374.0,1508904.0,91.05947098026117,3.4,8.3,1.0,2014,0
2008,Maryland,24,1347.0,1534657.0,87.77205590565188,4.3,8.2,2.0,2014,0
2009,Maryland,24,1409.0,1571495.0,89.65984619741074,7.1,9.2,2.0,2014,0
2010,Maryland,24,1380.0,1597972.0,86.3594606163312,7.8,9.9,2.0,2014,0
2011,Maryland,24,1270.0,1627087.0,78.05360131326721,7.3,10.2,2.0,2014,0
2012,Maryland,24,1255.0,1632747.0,76.86432741876115,6.9,10.4,2.0,2014,0
2013,Maryland,24,1269.0,1637481.0,77.49708240889512,6.6,10.2,2.0,2014,0
2014,Maryland,24,1197.0,1643118.0,72.84930236294655,5.7,10.4,2.0,2014,1
2015,Maryland,24,1178.0,1650040.0,71.39220867372913,5.0,9.9,2.0,2014,1
2016,Maryland,24,1191.0,1648814.0,72.23373891779181,4.2,9.7,2.0,2014,1
2017,Maryland,24,1118.0,1651984.0,67.67620025375548,4.1,9.4,2.0,2014,1
2018,Maryland,24,1166.0,1631661.0,71.46092233619606,3.8,9.1,2.0,2014,1
2019,Maryland,24,1082.0,1613986.0,67.03899538162041,3.4,9.1,2.0,2014,1
1999,Massachusetts,25,1226.0,1384373.0,88.55994735522869,3.3,9.7,0.76,2014,0
2000,Massachusetts,25,1214.0,1419760.0,85.50740970304841,2.8,8.4,0.76,2014,0
2001,Massachusetts,25,1182.0,1472697.0,80.26090906683453,3.8,8.2,0.76,2014,0
2002,Massachusetts,25,1255.0,1515932.0,82.78735457790982,5.2,9.0,0.76,2014,0
2003,Massachusetts,25,1249.0,1557067.0,80.2149168918229,5.7,9.5,1.51,2014,0
2004,Massachusetts,25,1187.0,1597141.0,74.32030108800663,5.1,9.9,1.51,2014,0
2005,Massachusetts,25,1081.0,1636919.0,66.03869831066778,4.8,10.3,1.51,2014,0
2006,Massachusetts,25,1062.0,1675719.0,63.37578078424843,4.7,10.0,1.51,2014,0
2007,Massachusetts,25,1152.0,1712977.0,67.25134079441814,4.5,10.0,1.51,2014,0
2008,Massachusetts,25,1065.0,1745822.0,61.002782643362266,5.3,10.1,1.51,2014,0
2009,Massachusetts,25,1116.0,1786581.0,62.46568165675108,8.1,10.3,2.51,2014,0
2010,Massachusetts,25,1125.0,1815804.0,61.95602609092171,8.1,11.4,2.51,2014,0
2011,Massachusetts,25,1096.0,1847455.0,59.324855003234184,7.2,11.6,2.51,2014,0
2012,Massachusetts,25,1048.0,1855066.0,56.493946846096044,6.7,11.9,2.51,2014,0
2013,Massachusetts,25,1058.0,1863073.0,56.78789827344392,6.7,11.9,2.51,2014,0
2014,Massachusetts,25,1034.0,1871909.0,55.237727902371326,5.7,11.7,3.51,2014,1
2015,Massachusetts,25,996.0,1883147.0,52.890188604500864,4.8,11.5,3.51,2014,1
2016,Massachusetts,25,924.0,1878120.0,49.19813430451728,4.0,10.5,3.51,2014,1
2017,Massachusetts,25,955.0,1876424.0,50.89468051996777,3.8,10.5,3.51,2014,1
2018,Massachusetts,25,935.0,1860698.0,50.249959961261844,3.5,10.0,3.51,2014,1
2019,Massachusetts,25,900.0,1836823.0,48.9976443021456,3.0,9.5,3.51,2014,1
1999,Michigan,26,3106.0,2180031.0,142.47503819899808,3.8,9.9,0.75,2014,0
2000,Michigan,26,3056.0,2230978.0,136.98028398307827,3.6,9.7,0.75,2014,0
2001,Michigan,26,2937.0,2310403.0,127.12067981213667,5.2,9.8,0.75,2014,0
2002,Michigan,26,2989.0,2381204.0,125.52473454605317,6.2,10.9,0.75,2014,0
2003,Michigan,26,3050.0,2448494.0,124.56636610095838,7.1,11.0,1.25,2014,0
2004,Michigan,26,2990.0,2512778.0,118.99180906550438,7.0,12.5,1.25,2014,0
2005,Michigan,26,3174.0,2573778.0,123.32065935756697,6.8,13.1,2.0,2014,0
2006,Michigan,26,3050.0,2628794.0,116.02278459247853,6.9,13.5,2.0,2014,0
2007,Michigan,26,3097.0,2671540.0,115.92564588215038,7.1,13.9,2.0,2014,0
2008,Michigan,26,2921.0,2699413.0,108.20871056040703,8.2,14.4,2.0,2014,0
2009,Michigan,26,2818.0,2736345.0,102.98409009097904,13.5,16.1,2.0,2014,0
2010,Michigan,26,2900.0,2762030.0,104.99523900898977,12.8,16.7,2.0,2014,0
2011,Michigan,26,3158.0,2786164.0,113.34580448243534,10.1,17.5,2.0,2014,0
2012,Michigan,26,3020.0,2775520.0,108.8084394996253,9.1,17.4,2.0,2014,0
2013,Michigan,26,3005.0,2769322.0,108.51031407687513,8.8,17.0,2.0,2014,0
2014,Michigan,26,3107.0,2762132.0,112.4855727387395,7.2,16.2,2.0,2014,1
2015,Michigan,26,2880.0,2758314.0,104.411607960515,5.4,15.7,2.0,2014,1
2016,Michigan,26,3013.0,2740872.0,109.92851909903125,5.0,14.9,2.0,2014,1
2017,Michigan,26,2804.0,2722722.0,102.98517439532938,4.6,14.1,2.0,2014,1
2018,Michigan,26,2733.0,2692864.0,101.49045774313149,4.2,14.0,2.0,2014,1
2019,Michigan,26,2616.0,2654214.0,98.56025173554205,4.1,12.9,2.0,2014,1
1999,Minnesota,27,817.0,1039174.0,78.62013483786161,2.7,7.5,0.48,2014,0
2000,Minnesota,27,732.0,1070565.0,68.37511033893318,3.1,6.9,0.48,2014,0
2001,Minnesota,27,818.0,1119406.0,73.0744698527612,3.7,7.2,0.48,2014,0
2002,Minnesota,27,758.0,1159615.0,65.36652250962604,4.4,7.5,0.48,2014,0
2003,Minnesota,27,736.0,1199412.0,61.36340140001934,4.8,8.0,0.48,2014,0
2004,Minnesota,27,755.0,1239429.0,60.91514721698459,4.6,8.1,0.48,2014,0
2005,Minnesota,27,770.0,1280104.0,60.15136270178048,4.1,9.2,0.48,2014,0
2006,Minnesota,27,732.0,1320237.0,55.44459063031864,4.1,9.7,1.485,2014,0
2007,Minnesota,27,714.0,1355887.0,52.659255527931165,4.6,9.5,1.493,2014,0
2008,Minnesota,27,767.0,1386084.0,55.33575165718672,5.4,9.6,1.493,2014,0
2009,Minnesota,27,728.0,1416737.0,51.385684146034166,7.7,10.9,1.56,2014,0
2010,Minnesota,27,717.0,1437262.0,49.88652034215056,7.4,11.5,1.56,2014,0
2011,Minnesota,27,739.0,1460963.0,50.583074314681475,6.6,11.8,1.576,2014,0
2012,Minnesota,27,765.0,1462534.0,52.30647629388445,5.7,11.4,1.6,2014,0
2013,Minnesota,27,777.0,1467257.0,52.95595795419616,5.0,11.2,1.6,2014,0
2014,Minnesota,27,775.0,1470329.0,52.709291593922174,4.2,11.4,3.342,2014,1
2015,Minnesota,27,712.0,1472425.0,48.35560385079036,3.8,10.2,3.426,2014,1
2016,Minnesota,27,731.0,1466731.0,49.83872298328732,3.9,9.9,3.543,2014,1
2017,Minnesota,27,754.0,1460714.0,51.61859200363657,3.4,9.5,3.59,2014,1
2018,Minnesota,27,756.0,1445936.0,52.28447178851623,3.0,9.6,3.614,2014,1
2019,Minnesota,27,661.0,1429782.0,46.23082399974262,3.3,8.9,3.628,2014,1
1999,Mississippi,28,1071.0,593398.0,180.48594703723302,5.1,18.2,0.18,3000,0
2000,Mississippi,28,1093.0,607804.0,179.82770761627103,5.3,17.6,0.18,3000,0
2001,Mississippi,28,1029.0,628883.0,163.62344029016526,5.5,19.0,0.18,3000,0
2002,Mississippi,28,1115.0,647408.0,172.22524281442304,6.4,18.9,0.18,3000,0
2003,Mississippi,28,1030.0,664683.0,154.96108671351607,6.1,18.3,0.18,3000,0
2004,Mississippi,28,1073.0,683135.0,157.06997884751917,6.2,19.3,0.18,3000,0
2005,Mississippi,28,1132.0,701508.0,161.3666558328629,7.7,21.0,0.18,3000,0
2006,Mississippi,28,1064.0,716649.0,148.4687762070414,6.4,20.9,0.18,3000,0
2007,Mississippi,28,1066.0,731857.0,145.65687012626785,6.1,20.7,0.18,3000,0
2008,Mississippi,28,1032.0,744419.0,138.63160397571798,6.7,20.8,0.18,3000,0
2009,Mississippi,28,972.0,755353.0,128.6815568350162,9.2,21.8,0.68,3000,0
2010,Mississippi,28,974.0,764301.0,127.43670360237655,10.1,22.4,0.68,3000,0
2011,Mississippi,28,977.0,771084.0,126.70474293332502,9.8,22.8,0.68,3000,0
2012,Mississippi,28,1054.0,765841.0,137.626478603261,8.8,23.8,0.68,3000,0
2013,Mississippi,28,1017.0,763600.0,133.18491356731272,8.5,23.9,0.68,3000,0
2014,Mississippi,28,1028.0,762733.0,134.77848736058357,7.6,21.9,0.68,3000,0
2015,Mississippi,28,977.0,761461.0,128.30598021435108,6.5,22.1,0.68,3000,0
2016,Mississippi,28,913.0,760792.0,120.00651952176152,6.0,21.0,0.68,3000,0
2017,Mississippi,28,979.0,758947.0,128.99451476848844,5.2,19.9,0.68,3000,0
2018,Mississippi,28,954.0,754686.0,126.41018913826412,4.9,19.8,0.68,3000,0
2019,Mississippi,28,1027.0,747951.0,137.3084600461795,5.5,19.5,0.68,3000,0
1999,Missouri,29,1752.0,1220456.0,143.55290153844138,3.2,11.4,0.17,2021,0
2000,Missouri,29,1610.0,1249860.0,128.81442721584816,3.4,10.6,0.17,2021,0
2001,Missouri,29,1639.0,1296984.0,126.370101712897,4.5,11.0,0.17,2021,0
2002,Missouri,29,1677.0,1337174.0,125.41374570549532,5.3,11.3,0.17,2021,0
2003,Missouri,29,1695.0,1376928.0,123.1001185247159,5.7,11.6,0.17,2021,0
2004,Missouri,29,1719.0,1415041.0,121.48057900795807,5.9,13.0,0.17,2021,0
2005,Missouri,29,1678.0,1457220.0,115.15076652804655,5.4,13.6,0.17,2021,0
2006,Missouri,29,1818.0,1498951.0,121.28481851641583,4.9,13.8,0.17,2021,0
2007,Missouri,29,1742.0,1534187.0,113.54548044012888,5.1,13.3,0.17,2021,0
2008,Missouri,29,1956.0,1563077.0,125.13778911723479,6.1,13.5,0.17,2021,0
2009,Missouri,29,1818.0,1591432.0,114.23673773054708,9.1,14.6,0.17,2021,0
2010,Missouri,29,1907.0,1611850.0,118.31125725098488,9.4,15.3,0.17,2021,0
2011,Missouri,29,1871.0,1628656.0,114.8799992140759,8.6,15.8,0.17,2021,0
2012,Missouri,29,1806.0,1619285.0,111.53070645377434,7.1,16.2,0.17,2021,0
2013,Missouri,29,1828.0,1615139.0,113.17911337661958,6.8,15.8,0.17,2021,0
2014,Missouri,29,1915.0,1610815.0,118.88391900994218,6.2,15.5,0.17,2021,0
2015,Missouri,29,1835.0,1610433.0,113.94451057572714,5.1,14.8,0.17,2021,0
2016,Missouri,29,1740.0,1605519.0,108.37616994878292,4.6,14.0,0.17,2021,0
2017,Missouri,29,1763.0,1596139.0,110.45403940383638,3.8,13.4,0.17,2021,0
2018,Missouri,29,1734.0,1581229.0,109.66153542592502,3.2,13.2,0.17,2021,0
2019,Missouri,29,1693.0,1563676.0,108.27051128238841,3.2,12.9,0.17,2021,0
1999,Montana,30,184.0,214241.0,85.88458791734541,5.3,14.3,0.18,2016,0
2000,Montana,30,218.0,220207.0,98.99776119741878,4.8,13.3,0.18,2016,0
2001,Montana,30,199.0,229076.0,86.87073285721769,4.6,14.0,0.18,2016,0
2002,Montana,30,220.0,236966.0,92.84032308432434,4.6,14.0,0.18,2016,0
2003,Montana,30,230.0,245261.0,93.77764911665531,4.7,14.2,0.7,2016,0
2004,Montana,30,200.0,253603.0,78.86342038540553,4.5,13.6,0.7,2016,0
2005,Montana,30,206.0,262169.0,78.57527015017031,4.1,14.6,1.7,2016,0
2006,Montana,30,210.0,270075.0,77.75617883921133,3.4,14.4,1.7,2016,0
2007,Montana,30,233.0,277221.0,84.04846674674718,3.4,14.1,1.7,2016,0
2008,Montana,30,242.0,281961.0,85.8274725937275,4.7,14.1,1.7,2016,0
2009,Montana,30,224.0,286334.0,78.23031843930514,7.1,15.0,1.7,2016,0
2010,Montana,30,229.0,288690.0,79.3238421836572,7.2,15.2,1.7,2016,0
2011,Montana,30,244.0,289989.0,84.1411225943053,6.6,15.2,1.7,2016,0
2012,Montana,30,250.0,287164.0,87.05826635650708,5.8,15.6,1.7,2016,0
2013,Montana,30,249.0,283998.0,87.67667377939281,5.3,16.1,1.7,2016,0
2014,Montana,30,254.0,281473.0,90.2395611657246,4.6,15.2,1.7,2016,0
2015,Montana,30,253.0,279349.0,90.56771278937816,4.3,14.4,1.7,2016,0
2016,Montana,30,248.0,278148.0,89.16116599795792,4.3,13.4,1.7,2016,1
2017,Montana,30,231.0,274916.0,84.02566602162115,4.1,12.7,1.7,2016,1
2018,Montana,30,283.0,271665.0,104.17241823569469,3.7,12.9,1.7,2016,1
2019,Montana,30,251.0,267808.0,93.7238618711913,3.5,12.6,1.7,2016,1
1999,Nebraska,31,304.0,359652.0,84.5261530590682,2.8,9.7,0.34,2020,0
2000,Nebraska,31,252.0,367294.0,68.60988744711321,2.8,8.9,0.34,2020,0
2001,Nebraska,31,280.0,381333.0,73.42663761069721,3.2,9.3,0.34,2020,0
2002,Nebraska,31,299.0,392697.0,76.1401283941563,3.7,10.0,0.34,2020,0
2003,Nebraska,31,278.0,404529.0,68.72189632881697,3.9,9.9,0.64,2020,0
2004,Nebraska,31,268.0,416161.0,64.398153599208,3.9,10.0,0.64,2020,0
2005,Nebraska,31,268.0,428954.0,62.477561696592176,3.8,11.0,0.64,2020,0
2006,Nebraska,31,263.0,440260.0,59.73742788352337,3.1,11.3,0.64,2020,0
2007,Nebraska,31,269.0,450087.0,59.76622297466935,3.0,11.1,0.64,2020,0
2008,Nebraska,31,246.0,458137.0,53.695728570274824,3.2,10.8,0.64,2020,0
2009,Nebraska,31,251.0,466311.0,53.826737949565846,4.6,12.2,0.64,2020,0
2010,Nebraska,31,291.0,471902.0,61.665345770943965,4.7,12.6,0.64,2020,0
2011,Nebraska,31,269.0,477839.0,56.295111951933606,4.4,12.9,0.64,2020,0
2012,Nebraska,31,264.0,476423.0,55.41294186048952,3.9,12.8,0.64,2020,0
2013,Nebraska,31,275.0,474947.0,57.901197396762164,3.7,12.9,0.64,2020,0
2014,Nebraska,31,294.0,473888.0,62.0399756904585,3.2,12.3,0.64,2020,0
2015,Nebraska,31,347.0,473192.0,73.33175539738626,3.0,12.2,0.64,2020,0
2016,Nebraska,31,272.0,470855.0,57.76725318834885,3.1,11.3,0.64,2020,0
2017,Nebraska,31,278.0,467764.0,59.43167922285597,3.0,10.7,0.64,2020,0
2018,Nebraska,31,282.0,463019.0,60.90462810381432,2.9,11.0,0.64,2020,0
2019,Nebraska,31,266.0,458101.0,58.06579771709732,3.1,9.9,0.64,2020,0
1999,Nevada,32,611.0,438209.0,139.4311846630261,4.1,10.2,0.35,2014,0
2000,Nevada,32,563.0,459249.0,122.5914482121899,4.2,9.4,0.35,2014,0
2001,Nevada,32,627.0,492786.0,127.23575750934484,5.1,9.3,0.35,2014,0
2002,Nevada,32,562.0,520577.0,107.95713218217477,5.6,10.1,0.35,2014,0
2003,Nevada,32,609.0,547060.0,111.32234124227689,5.2,11.0,0.35,2014,0
2004,Nevada,32,588.0,577519.0,101.81483206613115,4.4,11.1,0.8,2014,0
2005,Nevada,32,673.0,604338.0,111.3615228564148,4.2,11.1,0.8,2014,0
2006,Nevada,32,656.0,630330.0,104.0724699760443,4.1,10.5,0.8,2014,0
2007,Nevada,32,619.0,653436.0,94.73001181446998,4.8,10.6,0.8,2014,0
2008,Nevada,32,590.0,668457.0,88.26296979461657,6.9,11.2,0.8,2014,0
2009,Nevada,32,637.0,682208.0,93.37328204887659,11.1,12.4,0.8,2014,0
2010,Nevada,32,614.0,692026.0,88.72499010152798,13.3,14.8,0.8,2014,0
2011,Nevada,32,587.0,701685.0,83.65577146440354,13.0,15.8,0.8,2014,0
2012,Nevada,32,567.0,707963.0,80.08893120120685,11.5,16.2,0.8,2014,0
2013,Nevada,32,665.0,716054.0,92.87009080320759,10.0,15.8,0.8,2014,0
2014,Nevada,32,676.0,729406.0,92.6781518111998,8.2,15.4,0.8,2014,1
2015,Nevada,32,717.0,743392.0,96.44978692264645,6.9,14.9,0.8,2014,1
2016,Nevada,32,752.0,755379.0,99.55267488241002,5.8,14.1,1.8,2014,1
2017,Nevada,32,683.0,767064.0,89.0408101540419,5.0,13.3,1.8,2014,1
2018,Nevada,32,662.0,771900.0,85.76240445653582,4.4,13.1,1.8,2014,1
2019,Nevada,32,675.0,777704.0,86.79394731157356,4.1,12.7,1.8,2014,1
1999,New Hampshire,33,288.0,282832.0,101.82723312779316,2.7,6.8,0.37,2014,0
2000,New Hampshire,33,284.0,293645.0,96.715421682644,2.7,5.6,0.52,2014,0
2001,New Hampshire,33,285.0,308111.0,92.49913180639444,3.4,6.0,0.52,2014,0
2002,New Hampshire,33,305.0,320877.0,95.0519981176588,4.5,6.3,0.52,2014,0
2003,New Hampshire,33,276.0,333289.0,82.81101386484403,4.4,6.4,0.52,2014,0
2004,New Hampshire,33,250.0,346086.0,72.23638055281057,3.8,6.6,0.52,2014,0
2005,New Hampshire,33,256.0,358253.0,71.4578803247984,3.6,7.6,0.52,2014,0
2006,New Hampshire,33,261.0,371101.0,70.33125752827398,3.5,8.0,0.8,2014,0
2007,New Hampshire,33,259.0,381106.0,67.9600950916543,3.5,7.3,0.8,2014,0
2008,New Hampshire,33,250.0,389896.0,64.11966267927858,3.8,7.8,1.08,2014,0
2009,New Hampshire,33,254.0,398183.0,63.789765007546784,6.1,8.6,1.33,2014,0
2010,New Hampshire,33,226.0,404204.0,55.91236108499669,6.1,8.6,1.78,2014,0
2011,New Hampshire,33,240.0,409555.0,58.60018800893653,5.5,9.0,1.78,2014,0
2012,New Hampshire,33,265.0,409663.0,64.68731615986799,5.5,9.7,1.68,2014,0
2013,New Hampshire,33,275.0,408361.0,67.3423759859536,5.2,9.0,1.68,2014,0
2014,New Hampshire,33,209.0,407630.0,51.2719868508206,4.3,9.2,1.78,2014,1
2015,New Hampshire,33,224.0,407436.0,54.97795972864449,3.4,8.4,1.78,2014,1
2016,New Hampshire,33,294.0,407102.0,72.21777343270237,2.9,7.6,1.78,2014,1
2017,New Hampshire,33,255.0,405355.0,62.9078215391447,2.8,7.7,1.78,2014,1
2018,New Hampshire,33,279.0,402757.0,69.27253902477176,2.6,7.6,1.78,2014,1
2019,New Hampshire,33,268.0,397587.0,67.40663049848209,2.6,7.5,1.78,2014,1
1999,New Jersey,34,1921.0,1872215.0,102.60573705477202,4.4,8.1,0.8,2014,0
2000,New Jersey,34,2004.0,1912882.0,104.76338843692398,3.7,7.8,0.8,2014,0
2001,New Jersey,34,1850.0,1981258.0,93.37501728699644,4.2,7.8,0.8,2014,0
2002,New Jersey,34,1853.0,2039995.0,90.83355596459795,5.8,8.3,0.8,2014,0
2003,New Jersey,34,1814.0,2095563.0,86.56384942853066,5.8,8.9,1.5,2014,0
2004,New Jersey,34,1710.0,2150468.0,79.51757477907134,4.9,8.4,2.05,2014,0
2005,New Jersey,34,1786.0,2203846.0,81.04014527330857,4.4,8.7,2.4,2014,0
2006,New Jersey,34,1703.0,2254930.0,75.52340870891778,4.7,8.7,2.4,2014,0
2007,New Jersey,34,1631.0,2299267.0,70.93565036161525,4.2,8.5,2.575,2014,0
2008,New Jersey,34,1616.0,2336233.0,69.17118284006774,5.4,8.7,2.575,2014,0
2009,New Jersey,34,1481.0,2387573.0,62.02951700324974,8.9,9.4,2.575,2014,0
2010,New Jersey,34,1657.0,2425361.0,68.31972642423128,9.7,10.2,2.7,2014,0
2011,New Jersey,34,1623.0,2461335.0,65.93982533868815,9.4,10.4,2.7,2014,0
2012,New Jersey,34,1663.0,2469797.0,67.33346910697519,9.4,10.7,2.7,2014,0
2013,New Jersey,34,1610.0,2480319.0,64.91100539890232,8.4,11.4,2.7,2014,0
2014,New Jersey,34,1564.0,2493400.0,62.7255955723109,6.7,11.1,2.7,2014,1
2015,New Jersey,34,1467.0,2503610.0,58.59538825935349,5.7,10.8,2.7,2014,1
2016,New Jersey,34,1510.0,2492101.0,60.59144472876501,4.9,10.4,2.7,2014,1
2017,New Jersey,34,1588.0,2496038.0,63.62082628549726,4.5,10.0,2.7,2014,1
2018,New Jersey,34,1528.0,2455205.0,62.23512904217774,4.0,9.5,2.7,2014,1
2019,New Jersey,34,1422.0,2424472.0,58.65194566074593,3.5,9.1,2.7,2014,1
1999,New Mexico,35,384.0,393710.0,97.53371771100556,5.6,18.2,0.21,2014,0
2000,New Mexico,35,339.0,404571.0,83.79246164455682,5.0,17.3,0.21,2014,0
2001,New Mexico,35,392.0,420243.0,93.2793645581247,5.0,18.0,0.21,2014,0
2002,New Mexico,35,414.0,436431.0,94.86035593255292,5.5,17.7,0.21,2014,0
2003,New Mexico,35,369.0,451798.0,81.67366832079824,5.9,17.7,0.21,2014,0
2004,New Mexico,35,354.0,467467.0,75.7272705880843,5.6,16.7,0.91,2014,0
2005,New Mexico,35,387.0,484638.0,79.85341636437919,5.2,18.4,0.91,2014,0
2006,New Mexico,35,380.0,503275.0,75.50543937211266,4.2,18.3,0.91,2014,0
2007,New Mexico,35,437.0,518833.0,84.2274874574285,3.6,17.9,0.91,2014,0
2008,New Mexico,35,446.0,530767.0,84.0293386740321,4.4,17.0,0.91,2014,0
2009,New Mexico,35,445.0,541088.0,82.24170560056774,7.1,18.2,0.91,2014,0
2010,New Mexico,35,427.0,548945.0,77.78557050342019,7.8,19.8,0.91,2014,0
2011,New Mexico,35,450.0,552684.0,81.4208480795536,7.2,20.9,1.66,2014,0
2012,New Mexico,35,409.0,546553.0,74.83263288281283,6.9,20.6,1.66,2014,0
2013,New Mexico,35,448.0,538185.0,83.24275109859992,6.9,21.4,1.66,2014,0
2014,New Mexico,35,429.0,533455.0,80.41915438040697,6.6,20.6,1.66,2014,1
2015,New Mexico,35,432.0,529294.0,81.61815550525795,6.6,19.8,1.66,2014,1
2016,New Mexico,35,514.0,524972.0,97.90998377056302,6.8,19.1,1.66,2014,1
2017,New Mexico,35,467.0,520346.0,89.74797538560881,6.1,19.0,1.66,2014,1
2018,New Mexico,35,477.0,515012.0,92.61920110599364,4.9,18.8,1.66,2014,1
2019,New Mexico,35,556.0,508577.0,109.32464503900097,5.0,17.5,1.66,2014,1
1999,New York,36,5337.0,4160124.0,128.28944521845983,5.2,13.7,0.56,2014,0
2000,New York,36,5187.0,4240923.0,122.30828053232752,4.5,13.2,1.11,2014,0
2001,New York,36,4988.0,4369601.0,114.15229903142188,4.9,13.7,1.11,2014,0
2002,New York,36,5093.0,4476525.0,113.7712846460145,6.2,13.9,1.5,2014,0
2003,New York,36,4921.0,4579114.0,107.46620416089226,6.4,14.3,1.5,2014,0
2004,New York,36,4711.0,4677744.0,100.7109410006191,5.8,14.5,1.5,2014,0
2005,New York,36,4671.0,4775770.0,97.80621763610894,5.0,13.9,1.5,2014,0
2006,New York,36,4624.0,4868009.0,94.9874989959961,4.5,14.2,1.5,2014,0
2007,New York,36,4528.0,4947666.0,91.51789955102063,4.4,13.8,1.5,2014,0
2008,New York,36,4594.0,5019433.0,91.52428172664123,5.4,13.7,2.75,2014,0
2009,New York,36,4412.0,5113791.0,86.27650210968731,8.4,14.2,2.75,2014,0
2010,New York,36,4182.0,5182359.0,80.69684095602022,8.7,15.0,2.75,2014,0
2011,New York,36,4062.0,5253846.0,77.314789965294,8.4,16.1,4.35,2014,0
2012,New York,36,4121.0,5255209.0,78.41743306498371,8.6,15.9,4.35,2014,0
2013,New York,36,4093.0,5272440.0,77.63009157050625,7.8,16.0,4.35,2014,0
2014,New York,36,4032.0,5288499.0,76.24091448254032,6.3,16.0,4.35,2014,1
2015,New York,36,4119.0,5302889.0,77.67464112486608,5.2,15.5,4.35,2014,1
2016,New York,36,4129.0,5273836.0,78.29215773869343,4.9,14.8,4.35,2014,1
2017,New York,36,4003.0,5257411.0,76.14013817827825,4.6,14.1,4.35,2014,1
2018,New York,36,4104.0,5149750.0,79.69318898975678,4.1,13.7,4.35,2014,1
2019,New York,36,3932.0,5068960.0,77.5701524573088,3.9,13.1,4.35,2014,1
1999,North Carolina,37,2428.0,1765826.0,137.49939121974646,3.3,12.3,0.05,2023,0
2000,North Carolina,37,2442.0,1808862.0,135.00200678658737,3.8,11.7,0.05,2023,0
2001,North Carolina,37,2314.0,1891054.0,122.365622557579,5.5,11.9,0.05,2023,0
2002,North Carolina,37,2331.0,1962292.0,118.78966025443715,6.5,12.9,0.05,2023,0
2003,North Carolina,37,2413.0,2033422.0,118.66695649009405,6.3,13.4,0.05,2023,0
2004,North Carolina,37,2287.0,2100051.0,108.90211713905995,5.5,13.8,0.05,2023,0
2005,North Carolina,37,2344.0,2177945.0,107.62438904563705,5.2,14.9,0.05,2023,0
2006,North Carolina,37,2372.0,2258491.0,105.0258778981187,4.7,14.6,0.3,2023,0
2007,North Carolina,37,2391.0,2341375.0,102.11948107415513,4.7,14.3,0.35,2023,0
2008,North Carolina,37,2414.0,2405101.0,100.37000525133872,5.9,14.6,0.35,2023,0
2009,North Carolina,37,2334.0,2466121.0,94.64255809021536,10.8,16.2,0.35,2023,0
2010,North Carolina,37,2333.0,2507407.0,93.04432826421878,10.8,17.4,0.45,2023,0
2011,North Carolina,37,2390.0,2557165.0,93.46287783541538,10.4,17.8,0.45,2023,0
2012,North Carolina,37,2379.0,2565676.0,92.72410078279565,9.6,18.0,0.45,2023,0
2013,North Carolina,37,2422.0,2586462.0,93.6414298760237,7.8,17.8,0.45,2023,0
2014,North Carolina,37,2249.0,2610157.0,86.16339936639827,6.1,17.2,0.45,2023,0
2015,North Carolina,37,2358.0,2642914.0,89.21970219235284,5.7,16.4,0.45,2023,0
2016,North Carolina,37,2297.0,2686678.0,85.49591726288003,5.1,15.4,0.45,2023,0
2017,North Carolina,37,2256.0,2707187.0,83.33373350270965,4.5,14.7,0.45,2023,0
2018,North Carolina,37,2358.0,2720823.0,86.6649539495954,4.0,14.1,0.45,2023,0
2019,North Carolina,37,2203.0,2726192.0,80.80868845627894,3.9,13.6,0.45,2023,0
1999,North Dakota,38,165.0,136023.0,121.30301493129838,3.1,11.6,0.44,2014,0
2000,North Dakota,38,153.0,138864.0,110.17974421016247,2.9,10.4,0.44,2014,0
2001,North Dakota,38,154.0,143614.0,107.23188547077584,2.8,11.4,0.44,2014,0
2002,North Dakota,38,151.0,147872.0,102.11534299935079,3.4,11.1,0.44,2014,0
2003,North Dakota,38,160.0,152124.0,105.17735531540059,3.5,10.5,0.44,2014,0
2004,North Dakota,38,143.0,156845.0,91.17281392457522,3.4,10.8,0.44,2014,0
2005,North Dakota,38,128.0,161601.0,79.20743064708758,3.3,11.6,0.44,2014,0
2006,North Dakota,38,150.0,165603.0,90.57806923787612,3.1,11.7,0.44,2014,0
2007,North Dakota,38,134.0,169412.0,79.09711236512172,3.0,11.8,0.44,2014,0
2008,North Dakota,38,146.0,172687.0,84.54602836345528,3.0,11.5,0.44,2014,0
2009,North Dakota,38,146.0,176038.0,82.93663868028494,3.9,11.7,0.44,2014,0
2010,North Dakota,38,141.0,178476.0,79.0022187857191,3.7,12.5,0.44,2014,0
2011,North Dakota,38,139.0,180625.0,76.95501730103805,3.3,12.0,0.44,2014,0
2012,North Dakota,38,140.0,181099.0,77.30578302475442,2.9,11.2,0.44,2014,0
2013,North Dakota,38,133.0,181437.0,73.3036811675678,2.9,11.6,0.44,2014,0
2014,North Dakota,38,149.0,181961.0,81.88567879930315,2.7,11.1,0.44,2014,1
2015,North Dakota,38,143.0,182452.0,78.37677854997479,2.8,10.7,0.44,2014,1
2016,North Dakota,38,123.0,180563.0,68.12026827201586,3.0,10.5,0.44,2014,1
2017,North Dakota,38,122.0,177575.0,68.703364775447,2.6,10.2,0.44,2014,1
2018,North Dakota,38,126.0,174828.0,72.07083533530098,2.4,10.6,0.44,2014,1
2019,North Dakota,38,140.0,172077.0,81.358926527078,2.2,10.5,0.44,2014,1
1999,Ohio,39,3417.0,2527190.0,135.20946189245763,4.3,11.0,0.24,2014,0
2000,Ohio,39,3421.0,2575290.0,132.83940837730896,4.1,9.8,0.24,2014,0
2001,Ohio,39,3391.0,2660277.0,127.4679290915946,4.4,10.3,0.24,2014,0
2002,Ohio,39,3422.0,2735024.0,125.11773205646458,5.8,10.2,0.24,2014,0
2003,Ohio,39,3238.0,2808031.0,115.31211728075651,6.2,10.7,0.55,2014,0
2004,Ohio,39,3283.0,2878431.0,114.05519187362837,6.2,11.7,0.55,2014,0
2005,Ohio,39,3231.0,2948308.0,109.58827910788153,5.9,13.0,0.55,2014,0
2006,Ohio,39,3319.0,3014164.0,110.1134510265533,5.4,13.2,1.25,2014,0
2007,Ohio,39,3196.0,3067465.0,104.19026785961698,5.6,13.1,1.25,2014,0
2008,Ohio,39,3287.0,3108404.0,105.74558519420255,6.6,13.3,1.25,2014,0
2009,Ohio,39,2825.0,3158149.0,89.45113102643353,10.2,15.1,1.25,2014,0
2010,Ohio,39,3078.0,3194457.0,96.35440389399513,10.0,15.8,1.25,2014,0
2011,Ohio,39,3010.0,3226584.0,93.28751397763084,8.8,16.3,1.25,2014,0
2012,Ohio,39,3043.0,3204140.0,94.97088142216008,7.4,16.2,1.25,2014,0
2013,Ohio,39,3019.0,3190833.0,94.61479181141728,7.4,15.9,1.25,2014,0
2014,Ohio,39,3041.0,3179231.0,95.65206177217068,5.8,15.8,1.25,2014,1
2015,Ohio,39,3029.0,3172535.0,95.47570003167814,5.0,14.8,1.25,2014,1
2016,Ohio,39,3071.0,3153057.0,97.3975414970297,5.0,14.5,1.6,2014,1
2017,Ohio,39,3022.0,3131691.0,96.49738751364679,4.9,13.9,1.6,2014,1
2018,Ohio,39,3001.0,3096425.0,96.91822020555963,4.5,13.8,1.6,2014,1
2019,Ohio,39,2928.0,3052264.0,95.9287925290866,4.1,13.0,1.6,2014,1
1999,Oklahoma,40,1309.0,754256.0,173.54850342589253,3.5,13.9,0.23,2021,0
2000,Oklahoma,40,1355.0,770090.0,175.95345998519653,3.0,13.8,0.23,2021,0
2001,Oklahoma,40,1269.0,794572.0,159.7086230071032,3.6,14.4,0.23,2021,0
2002,Oklahoma,40,1434.0,817027.0,175.51439548509413,4.6,14.5,0.23,2021,0
2003,Oklahoma,40,1469.0,838235.0,175.2491842979594,5.4,14.7,0.23,2021,0
2004,Oklahoma,40,1479.0,857898.0,172.3981172586951,4.7,14.0,0.23,2021,0
2005,Oklahoma,40,1350.0,879507.0,153.49508304083992,4.3,16.4,1.03,2021,0
2006,Oklahoma,40,1365.0,903937.0,151.00609887635974,3.9,16.7,1.03,2021,0
2007,Oklahoma,40,1371.0,923107.0,148.5201607180966,4.0,15.8,1.03,2021,0
2008,Oklahoma,40,1382.0,940042.0,147.01470785347888,3.6,15.7,1.03,2021,0
2009,Oklahoma,40,1225.0,955985.0,128.14008588000857,6.5,16.1,1.03,2021,0
2010,Oklahoma,40,1367.0,966093.0,141.49776470795254,6.5,16.8,1.03,2021,0
2011,Oklahoma,40,1309.0,974252.0,134.3594880995882,5.6,17.3,1.03,2021,0
2012,Oklahoma,40,1374.0,968073.0,141.9314452525791,5.1,17.2,1.03,2021,0
2013,Oklahoma,40,1396.0,966619.0,144.42091454854497,5.1,16.7,1.03,2021,0
2014,Oklahoma,40,1376.0,965764.0,142.47787244088616,4.3,16.6,1.03,2021,0
2015,Oklahoma,40,1460.0,967499.0,150.90454873855165,4.3,16.0,1.03,2021,0
2016,Oklahoma,40,1301.0,964470.0,134.8927390172841,4.6,16.1,1.03,2021,0
2017,Oklahoma,40,1313.0,960076.0,136.76000649948546,4.0,15.8,1.03,2021,0
2018,Oklahoma,40,1124.0,953754.0,117.85009551729271,3.3,15.5,1.03,2021,0
2019,Oklahoma,40,1021.0,947230.0,107.78797124246486,3.1,15.1,2.03,2021,0
1999,Oregon,41,714.0,790953.0,90.27085048036989,5.5,11.3,0.68,2014,0
2000,Oregon,41,677.0,811543.0,83.42133442097338,5.2,10.6,0.68,2014,0
2001,Oregon,41,702.0,846701.0,82.91002372738429,6.4,11.1,0.68,2014,0
2002,Oregon,41,736.0,877922.0,83.8343269675438,7.5,11.3,0.68,2014,0
2003,Oregon,41,750.0,905880.0,82.79242283746191,8.0,12.0,1.28,2014,0
2004,Oregon,41,657.0,930622.0,70.59794417067295,7.4,12.9,1.18,2014,0
2005,Oregon,41,673.0,958793.0,70.1924190101513,6.2,14.1,1.18,2014,0
2006,Oregon,41,683.0,987239.0,69.18284224995163,5.4,13.4,1.18,2014,0
2007,Oregon,41,703.0,1009562.0,69.63415817948774,5.2,13.0,1.18,2014,0
2008,Oregon,41,673.0,1025602.0,65.6199968408798,6.3,13.5,1.18,2014,0
2009,Oregon,41,679.0,1039440.0,65.3236358038944,10.6,14.3,1.18,2014,0
2010,Oregon,41,589.0,1048641.0,56.16793545169415,10.6,15.8,1.18,2014,0
2011,Oregon,41,596.0,1059208.0,56.268457186879246,9.5,17.3,1.18,2014,0
2012,Oregon,41,634.0,1053277.0,60.19309260526908,8.7,17.0,1.18,2014,0
2013,Oregon,41,602.0,1050107.0,57.32749138897274,7.8,16.5,1.18,2014,0
2014,Oregon,41,559.0,1052880.0,53.092470177038216,6.7,16.4,1.31,2014,1
2015,Oregon,41,585.0,1060378.0,55.169005769640634,5.5,15.2,1.31,2014,1
2016,Oregon,41,589.0,1063541.0,55.381033735417816,4.8,13.4,1.32,2014,1
2017,Oregon,41,577.0,1063052.0,54.277683499960496,4.1,13.2,1.32,2014,1
2018,Oregon,41,491.0,1057159.0,46.44523671462854,4.0,12.5,1.33,2014,1
2019,Oregon,41,511.0,1049077.0,48.70948462314968,3.7,11.5,1.33,2014,1
1999,Pennsylvania,42,3468.0,2779801.0,124.75713189541266,4.5,10.0,0.31,2015,0
2000,Pennsylvania,42,3342.0,2836657.0,117.81473755903517,4.2,9.5,0.31,2015,0
2001,Pennsylvania,42,3249.0,2927849.0,110.96883753226345,4.8,10.0,0.31,2015,0
2002,Pennsylvania,42,3250.0,3012266.0,107.89219809937103,5.6,10.0,0.31,2015,0
2003,Pennsylvania,42,3205.0,3096352.0,103.5089033804942,5.7,10.6,1.0,2015,0
2004,Pennsylvania,42,3029.0,3179667.0,95.26154782875062,5.4,11.2,1.35,2015,0
2005,Pennsylvania,42,3231.0,3262363.0,99.03864162265205,5.0,11.9,1.35,2015,0
2006,Pennsylvania,42,3138.0,3341731.0,93.90342909109081,4.7,12.0,1.35,2015,0
2007,Pennsylvania,42,3153.0,3407584.0,92.52890024134402,4.6,11.6,1.35,2015,0
2008,Pennsylvania,42,3074.0,3456191.0,88.94184378120306,5.4,12.1,1.35,2015,0
2009,Pennsylvania,42,2922.0,3516724.0,83.08869277202305,8.0,12.5,1.35,2015,0
2010,Pennsylvania,42,2873.0,3562748.0,80.64000035927323,8.2,13.4,1.6,2015,0
2011,Pennsylvania,42,2858.0,3610634.0,79.15507359649303,7.7,13.7,1.6,2015,0
2012,Pennsylvania,42,2828.0,3591098.0,78.75028751652002,7.6,13.7,1.6,2015,0
2013,Pennsylvania,42,2780.0,3581028.0,77.63133938075883,7.1,13.7,1.6,2015,0
2014,Pennsylvania,42,2775.0,3572447.0,77.67784938446952,6.0,13.6,1.6,2015,0
2015,Pennsylvania,42,2806.0,3565533.0,78.69791136416352,5.4,13.1,1.6,2015,1
2016,Pennsylvania,42,2894.0,3539225.0,81.76931390346756,5.3,12.9,1.6,2015,1
2017,Pennsylvania,42,2899.0,3510926.0,82.57080895467465,5.0,12.5,2.6,2015,1
2018,Pennsylvania,42,2925.0,3462586.0,84.47443615840876,4.4,12.2,2.6,2015,1
2019,Pennsylvania,42,2829.0,3408980.0,82.98669983396793,4.3,12.0,2.6,2015,1
1999,Rhode Island,44,259.0,224086.0,115.58062529564543,4.2,10.8,0.71,2014,0
2000,Rhode Island,44,255.0,230852.0,110.4603815431532,4.0,10.2,0.71,2014,0
2001,Rhode Island,44,263.0,240500.0,109.35550935550935,4.5,10.2,0.71,2014,0
2002,Rhode Island,44,304.0,248906.0,122.13446039870473,5.1,11.0,1.32,2014,0
2003,Rhode Island,44,263.0,257104.0,102.29323542224158,5.5,11.3,1.32,2014,0
2004,Rhode Island,44,288.0,264260.0,108.9835767804435,5.3,11.6,1.71,2014,0
2005,Rhode Island,44,296.0,270022.0,109.62069757279036,5.1,11.9,2.46,2014,0
2006,Rhode Island,44,243.0,276174.0,87.98800756045101,5.2,11.5,2.46,2014,0
2007,Rhode Island,44,259.0,280929.0,92.1941131033108,5.1,11.9,2.46,2014,0
2008,Rhode Island,44,252.0,284482.0,88.58205440062991,7.6,12.1,2.46,2014,0
2009,Rhode Island,44,229.0,289388.0,79.13251413327437,11.2,12.0,3.46,2014,0
2010,Rhode Island,44,199.0,292939.0,67.93223162501408,11.6,14.1,3.46,2014,0
2011,Rhode Island,44,238.0,295639.0,80.50358714513308,11.1,14.7,3.46,2014,0
2012,Rhode Island,44,216.0,294597.0,73.32050224544038,10.3,14.2,3.46,2014,0
2013,Rhode Island,44,235.0,294982.0,79.66587791797465,9.5,14.7,3.5,2014,0
2014,Rhode Island,44,223.0,295014.0,75.58963303436447,7.8,14.8,3.5,2014,1
2015,Rhode Island,44,211.0,294656.0,71.60892701998262,6.0,14.1,3.5,2014,1
2016,Rhode Island,44,167.0,293652.0,56.870036642011634,5.2,13.3,3.75,2014,1
2017,Rhode Island,44,187.0,291978.0,64.04592126804074,4.5,12.3,3.75,2014,1
2018,Rhode Island,44,208.0,288528.0,72.0900571175068,4.0,12.8,4.25,2014,1
2019,Rhode Island,44,181.0,284721.0,63.57100459748315,3.5,11.6,4.25,2014,1
1999,South Carolina,45,1388.0,897304.0,154.6855915052201,4.2,13.2,0.07,3000,0
2000,South Carolina,45,1370.0,923232.0,148.39173685487506,3.7,12.8,0.07,3000,0
2001,South Carolina,45,1225.0,961028.0,127.46767003666906,5.2,13.8,0.07,3000,0
2002,South Carolina,45,1277.0,993737.0,128.50482572350631,6.1,14.0,0.07,3000,0
2003,South Carolina,45,1293.0,1026003.0,126.02302332449321,6.7,13.8,0.07,3000,0
2004,South Carolina,45,1312.0,1058888.0,123.90356676060168,6.9,15.0,0.07,3000,0
2005,South Carolina,45,1334.0,1093862.0,121.95322627534368,6.8,15.6,0.07,3000,0
2006,South Carolina,45,1371.0,1132311.0,121.07980934566564,6.3,15.7,0.07,3000,0
2007,South Carolina,45,1232.0,1168280.0,105.45417194508167,5.6,15.1,0.07,3000,0
2008,South Carolina,45,1276.0,1198687.0,106.44980716400529,6.9,15.7,0.07,3000,0
2009,South Carolina,45,1394.0,1225849.0,113.71710545099764,11.0,17.1,0.07,3000,0
2010,South Carolina,45,1426.0,1243223.0,114.70186764562754,11.1,18.1,0.07,3000,0
2011,South Carolina,45,1339.0,1264591.0,105.88403681506512,10.3,18.8,0.57,3000,0
2012,South Carolina,45,1320.0,1263461.0,104.47493036983334,9.0,18.3,0.57,3000,0
2013,South Carolina,45,1369.0,1270231.0,107.77567229897554,7.4,18.5,0.57,3000,0
2014,South Carolina,45,1330.0,1280213.0,103.88896222737935,6.3,17.9,0.57,3000,0
2015,South Carolina,45,1355.0,1293876.0,104.72410030018334,5.9,16.8,0.57,3000,0
2016,South Carolina,45,1276.0,1310289.0,97.38309640087034,4.9,15.3,0.57,3000,0
2017,South Carolina,45,1355.0,1317670.0,102.833031032049,4.2,15.4,0.57,3000,0
2018,South Carolina,45,1253.0,1324757.0,94.58338397155102,3.4,15.2,0.57,3000,0
2019,South Carolina,45,1196.0,1329751.0,89.9416507300991,2.8,13.9,0.57,3000,0
1999,South Dakota,46,176.0,155508.0,113.17745710831598,2.7,11.7,0.33,2023,0
2000,South Dakota,46,169.0,160031.0,105.6045391205454,2.5,11.4,0.33,2023,0
2001,South Dakota,46,179.0,166882.0,107.26141824762406,3.0,11.7,0.33,2023,0
2002,South Dakota,46,152.0,172550.0,88.090408577224,3.2,12.4,0.33,2023,0
2003,South Dakota,46,189.0,178438.0,105.91914278348783,3.5,12.3,0.53,2023,0
2004,South Dakota,46,168.0,184815.0,90.90171252333414,3.6,12.9,0.53,2023,0
2005,South Dakota,46,186.0,191095.0,97.33378685993877,3.5,13.6,0.53,2023,0
2006,South Dakota,46,212.0,197396.0,107.39832620721799,3.0,13.6,0.53,2023,0
2007,South Dakota,46,163.0,203389.0,80.1419939131418,2.8,13.2,1.53,2023,0
2008,South Dakota,46,171.0,208133.0,82.15900409834097,3.1,12.7,1.53,2023,0
2009,South Dakota,46,191.0,211764.0,90.19474509359476,4.6,14.2,1.53,2023,0
2010,South Dakota,46,195.0,214722.0,90.81510045547266,4.9,14.6,1.53,2023,0
2011,South Dakota,46,177.0,218124.0,81.14650382351323,4.6,14.1,1.53,2023,0
2012,South Dakota,46,194.0,219222.0,88.49476786088988,4.0,13.6,1.53,2023,0
2013,South Dakota,46,181.0,219537.0,82.44623913053381,3.7,14.0,1.53,2023,0
2014,South Dakota,46,215.0,219217.0,98.07633532070962,3.4,14.1,1.53,2023,0
2015,South Dakota,46,181.0,219010.0,82.64462809917354,3.0,13.5,1.53,2023,0
2016,South Dakota,46,199.0,217899.0,91.32671558841481,3.0,12.9,1.53,2023,0
2017,South Dakota,46,194.0,215784.0,89.90471953434917,3.0,12.8,1.53,2023,0
2018,South Dakota,46,202.0,214342.0,94.24191245766112,2.8,12.9,1.53,2023,0
2019,South Dakota,46,212.0,212363.0,99.82906626860611,2.7,11.9,1.53,2023,0
1999,Tennessee,47,2075.0,1290612.0,160.77643784499136,4.0,12.8,0.13,3000,0
2000,Tennessee,47,2196.0,1320167.0,166.34259150546862,3.8,12.6,0.13,3000,0
2001,Tennessee,47,2136.0,1367774.0,156.16615025581712,4.6,13.2,0.13,3000,0
2002,Tennessee,47,2170.0,1410743.0,153.81965389869026,5.2,13.6,0.13,3000,0
2003,Tennessee,47,2276.0,1450849.0,156.87366500580006,5.5,13.5,0.2,3000,0
2004,Tennessee,47,2172.0,1489245.0,145.8457137677145,5.3,15.0,0.2,3000,0
2005,Tennessee,47,2199.0,1532432.0,143.49739499044657,5.5,15.6,0.2,3000,0
2006,Tennessee,47,2312.0,1580370.0,146.2948550023096,5.2,16.1,0.2,3000,0
2007,Tennessee,47,2248.0,1618884.0,138.86109196211711,4.6,15.8,0.2,3000,0
2008,Tennessee,47,2268.0,1655153.0,137.0266072079137,6.5,15.5,0.62,3000,0
2009,Tennessee,47,2245.0,1687705.0,133.02087746377475,10.4,17.2,0.62,3000,0
2010,Tennessee,47,2332.0,1712151.0,136.20294004442366,9.8,17.8,0.62,3000,0
2011,Tennessee,47,2327.0,1738342.0,133.86318687577014,9.0,18.4,0.62,3000,0
2012,Tennessee,47,2394.0,1733511.0,138.10122923938758,7.9,18.0,0.62,3000,0
2013,Tennessee,47,2350.0,1734247.0,135.5054960452577,7.7,17.8,0.62,3000,0
2014,Tennessee,47,2405.0,1738997.0,138.29811092256054,6.5,18.2,0.62,3000,0
2015,Tennessee,47,2455.0,1750093.0,140.27825949820954,5.5,16.7,0.62,3000,0
2016,Tennessee,47,2338.0,1761142.0,132.754769348525,4.7,15.8,0.62,3000,0
2017,Tennessee,47,2341.0,1768647.0,132.3610647008702,3.7,15.0,0.62,3000,0
2018,Tennessee,47,2380.0,1768969.0,134.5416454443238,3.5,15.2,0.62,3000,0
2019,Tennessee,47,2403.0,1765976.0,136.0720643995162,3.3,13.8,0.62,3000,0
1999,Texas,48,5128.0,4077524.0,125.76259514352338,4.7,15.1,0.41,3000,0
2000,Texas,48,5324.0,4209327.0,126.48102653939691,4.4,14.6,0.41,3000,0
2001,Texas,48,5352.0,4419829.0,121.09065757973895,5.0,15.0,0.41,3000,0
2002,Texas,48,5277.0,4603429.0,114.63194066857554,6.4,15.4,0.41,3000,0
2003,Texas,48,5078.0,4784624.0,106.13164169222075,6.8,16.2,0.41,3000,0
2004,Texas,48,5216.0,4966889.0,105.01543320174862,6.0,16.2,0.41,3000,0
2005,Texas,48,5309.0,5160696.0,102.87372090896267,5.5,17.5,0.41,3000,0
2006,Texas,48,5388.0,5377118.0,100.20237606836972,5.0,16.9,0.41,3000,0
2007,Texas,48,5451.0,5565001.0,97.95146487844298,4.4,16.3,1.41,3000,0
2008,Texas,48,5409.0,5736274.0,94.29465886741114,4.9,15.8,1.41,3000,0
2009,Texas,48,5434.0,5909590.0,91.95223357288747,7.6,17.1,1.41,3000,0
2010,Texas,48,5391.0,6033027.0,89.3581281834144,8.3,17.9,1.41,3000,0
2011,Texas,48,5509.0,6190349.0,88.99336693294674,8.0,18.5,1.41,3000,0
2012,Texas,48,5476.0,6251230.0,87.59876056392102,6.7,17.9,1.41,3000,0
2013,Texas,48,5557.0,6320122.0,87.9255178934837,6.3,17.5,1.41,3000,0
2014,Texas,48,5584.0,6434039.0,86.78840771714316,5.2,17.2,1.41,3000,0
2015,Texas,48,5730.0,6554348.0,87.4228832524608,4.5,15.9,1.41,3000,0
2016,Texas,48,5763.0,6635032.0,86.85715456986492,4.6,15.6,1.41,3000,0
2017,Texas,48,5961.0,6730629.0,88.56527376564657,4.4,14.7,1.41,3000,0
2018,Texas,48,6003.0,6787247.0,88.44528569536367,3.9,14.9,1.41,3000,0
2019,Texas,48,5648.0,6829340.0,82.70198877197504,3.5,13.6,1.41,3000,0
1999,Utah,49,224.0,369187.0,60.673859047041205,3.5,8.5,0.515,2020,0
2000,Utah,49,257.0,380218.0,67.59280202410196,3.3,8.8,0.515,2020,0
2001,Utah,49,258.0,400917.0,64.3524719580362,4.4,9.4,0.515,2020,0
2002,Utah,49,239.0,418405.0,57.12168831634422,5.7,9.7,0.695,2020,0
2003,Utah,49,252.0,434459.0,58.003171760741516,5.6,10.0,0.695,2020,0
2004,Utah,49,263.0,451220.0,58.28642347413678,5.0,10.3,0.695,2020,0
2005,Utah,49,275.0,470710.0,58.42238320834484,4.0,10.5,0.695,2020,0
2006,Utah,49,262.0,491052.0,53.35483818414343,2.8,10.7,0.695,2020,0
2007,Utah,49,287.0,508772.0,56.41033704685007,2.6,9.8,0.695,2020,0
2008,Utah,49,258.0,524154.0,49.22217516226148,3.3,9.7,0.695,2020,0
2009,Utah,49,271.0,537132.0,50.45314745723584,7.6,11.7,0.695,2020,0
2010,Utah,49,235.0,547205.0,42.94551402125346,8.3,13.3,0.695,2020,0
2011,Utah,49,289.0,560350.0,51.57490853930579,7.2,13.6,1.7,2020,0
2012,Utah,49,278.0,567162.0,49.01597779823049,4.8,13.0,1.7,2020,0
2013,Utah,49,268.0,574901.0,46.61672183558561,4.2,12.6,1.7,2020,0
2014,Utah,49,283.0,583167.0,48.528123161975905,3.6,11.8,1.7,2020,0
2015,Utah,49,264.0,594374.0,44.41647851352852,3.5,11.2,1.7,2020,0
2016,Utah,49,289.0,605219.0,47.75130985643214,3.3,10.2,1.7,2020,0
2017,Utah,49,330.0,613931.0,53.75196886946579,3.1,9.7,1.7,2020,0
2018,Utah,49,268.0,622333.0,43.06376168385735,2.9,9.1,1.7,2020,0
2019,Utah,49,268.0,631564.0,42.43433761265683,2.5,8.8,1.7,2020,0
1999,Vermont,50,137.0,146049.0,93.80413422892317,3.1,9.3,0.44,2014,0
2000,Vermont,50,132.0,150752.0,87.56102738272129,2.8,8.8,0.44,2014,0
2001,Vermont,50,119.0,156828.0,75.87930726655955,3.2,8.9,0.44,2014,0
2002,Vermont,50,112.0,162285.0,69.014388267554,3.9,9.3,0.44,2014,0
2003,Vermont,50,130.0,167530.0,77.59804214170597,4.3,9.2,0.93,2014,0
2004,Vermont,50,115.0,172742.0,66.57327112109388,3.6,8.7,1.19,2014,0
2005,Vermont,50,121.0,177331.0,68.2339805223001,3.5,10.4,1.19,2014,0
2006,Vermont,50,134.0,181711.0,73.74347177661231,3.7,10.2,1.19,2014,0
2007,Vermont,50,132.0,185432.0,71.18512446611157,3.9,10.1,1.79,2014,0
2008,Vermont,50,140.0,187934.0,74.49423733864016,4.5,10.4,1.79,2014,0
2009,Vermont,50,131.0,190771.0,68.6687179917283,6.5,11.5,1.99,2014,0
2010,Vermont,50,125.0,192576.0,64.90943835161183,6.2,12.4,2.24,2014,0
2011,Vermont,50,142.0,193720.0,73.3016725170349,5.4,11.9,2.24,2014,0
2012,Vermont,50,102.0,192094.0,53.099003612814556,4.8,11.9,2.62,2014,0
2013,Vermont,50,122.0,189611.0,64.34225862423594,4.4,12.3,2.62,2014,0
2014,Vermont,50,140.0,187862.0,74.52278800396036,3.9,12.0,2.62,2014,1
2015,Vermont,50,157.0,186000.0,84.40860215053763,3.5,10.4,2.75,2014,1
2016,Vermont,50,160.0,183178.0,87.34673377807378,3.1,11.3,3.08,2014,1
2017,Vermont,50,143.0,180479.0,79.23359504429878,2.9,10.8,3.08,2014,1
2018,Vermont,50,157.0,177208.0,88.59645162746604,2.5,10.7,3.08,2014,1
2019,Vermont,50,159.0,173430.0,91.67964020065732,2.1,10.1,3.08,2014,1
1999,Virginia,51,1654.0,1586789.0,104.23566082194922,2.7,9.0,0.025,2019,0
2000,Virginia,51,1762.0,1630867.0,108.04069246603187,2.3,8.9,0.025,2019,0
2001,Virginia,51,1743.0,1703405.0,102.32446188663295,3.2,8.8,0.025,2019,0
2002,Virginia,51,1760.0,1765752.0,99.67424644004369,4.2,9.6,0.025,2019,0
2003,Virginia,51,1671.0,1821887.0,91.71809228563572,4.1,10.0,0.025,2019,0
2004,Virginia,51,1670.0,1884311.0,88.62655899158896,3.7,9.5,0.025,2019,0
2005,Virginia,51,1780.0,1940882.0,91.71088195985125,3.5,10.0,0.3,2019,0
2006,Virginia,51,1732.0,1994888.0,86.82191681939037,3.1,9.6,0.3,2019,0
2007,Virginia,51,1673.0,2042232.0,81.92017361396746,3.1,9.9,0.3,2019,0
2008,Virginia,51,1708.0,2082718.0,82.0082219484347,4.1,10.2,0.3,2019,0
2009,Virginia,51,1679.0,2132365.0,78.73886506296999,6.8,10.6,0.3,2019,0
2010,Virginia,51,1633.0,2168964.0,75.2894008383726,6.8,11.1,0.3,2019,0
2011,Virginia,51,1574.0,2204702.0,71.3928685146564,6.3,11.6,0.3,2019,0
2012,Virginia,51,1578.0,2208101.0,71.46412233860678,5.8,11.8,0.3,2019,0
2013,Virginia,51,1567.0,2211203.0,70.86640168270394,5.5,11.7,0.3,2019,0
2014,Virginia,51,1586.0,2216880.0,71.54198693659558,5.1,11.8,0.3,2019,0
2015,Virginia,51,1611.0,2228053.0,72.3052817863848,4.4,11.2,0.3,2019,0
2016,Virginia,51,1647.0,2242749.0,73.43666188235956,4.0,11.0,0.3,2019,0
2017,Virginia,51,1606.0,2245479.0,71.52148828824495,3.6,10.7,0.3,2019,0
2018,Virginia,51,1610.0,2232256.0,72.12434416124316,3.0,10.7,0.3,2019,0
2019,Virginia,51,1545.0,2214691.0,69.76142495725138,2.8,9.9,0.3,2019,1
1999,Washington,53,1174.0,1305930.0,89.8976208525725,4.8,9.9,0.825,2014,0
2000,Washington,53,1201.0,1342552.0,89.45649777438788,5.1,9.6,0.825,2014,0
2001,Washington,53,1191.0,1406177.0,84.69773008661072,6.1,9.9,0.825,2014,0
2002,Washington,53,1273.0,1462124.0,87.06511896391825,7.2,10.3,1.425,2014,0
2003,Washington,53,1255.0,1514205.0,82.88177624562064,7.3,11.0,1.425,2014,0
2004,Washington,53,1202.0,1569307.0,76.59431838384714,6.3,11.6,1.425,2014,0
2005,Washington,53,1233.0,1623592.0,75.94272452685156,5.6,12.0,1.425,2014,0
2006,Washington,53,1117.0,1678880.0,66.53245020489851,5.0,11.8,2.025,2014,0
2007,Washington,53,1202.0,1726650.0,69.61457156922364,4.6,11.4,2.025,2014,0
2008,Washington,53,1292.0,1762619.0,73.30001548831596,5.2,11.3,2.025,2014,0
2009,Washington,53,1187.0,1798588.0,65.99621480850534,9.1,12.3,2.025,2014,0
2010,Washington,53,1235.0,1823370.0,67.73172751553443,10.0,13.5,3.025,2014,0
2011,Washington,53,1152.0,1848753.0,62.312272109903276,9.4,13.9,3.025,2014,0
2012,Washington,53,1147.0,1848880.0,62.03755787287439,8.5,13.6,3.025,2014,0
2013,Washington,53,1163.0,1848692.0,62.909343470951356,6.7,14.1,3.025,2014,0
2014,Washington,53,1224.0,1857616.0,65.89090533242607,5.9,13.2,3.025,2014,1
2015,Washington,53,1088.0,1875264.0,58.01849766219583,5.5,12.2,3.025,2014,1
2016,Washington,53,1081.0,1893680.0,57.08461830932365,5.2,11.3,3.025,2014,1
2017,Washington,53,1196.0,1901588.0,62.89480160791927,4.7,11.0,3.025,2014,1
2018,Washington,53,1160.0,1894402.0,61.23304346173621,4.4,10.3,3.025,2014,1
2019,Washington,53,1132.0,1883385.0,60.10454580449563,4.2,9.8,3.025,2014,1
1999,West Virginia,54,739.0,447442.0,165.16107115559112,6.5,16.3,0.17,2014,0
2000,West Virginia,54,733.0,455282.0,160.99911703076336,5.6,15.5,0.17,2014,0
2001,West Virginia,54,732.0,467002.0,156.74451073014677,5.3,16.7,0.17,2014,0
2002,West Virginia,54,688.0,478293.0,143.84488169385713,6.1,16.1,0.17,2014,0
2003,West Virginia,54,749.0,488950.0,153.18539727988545,6.1,16.3,0.55,2014,0
2004,West Virginia,54,590.0,498597.0,118.33203970340776,5.4,16.2,0.55,2014,0
2005,West Virginia,54,706.0,508011.0,138.9733686868985,5.1,18.0,0.55,2014,0
2006,West Virginia,54,635.0,516847.0,122.86034358330416,4.8,17.6,0.55,2014,0
2007,West Virginia,54,651.0,523775.0,124.29001002338791,4.5,17.1,0.55,2014,0
2008,West Virginia,54,629.0,528748.0,118.96026084259421,4.5,17.4,0.55,2014,0
2009,West Virginia,54,603.0,535507.0,112.60357007471424,8.0,17.8,0.55,2014,0
2010,West Virginia,54,580.0,540981.0,107.21263778210326,8.4,18.2,0.55,2014,0
2011,West Virginia,54,634.0,543190.0,116.7179071779672,7.7,18.7,0.55,2014,0
2012,West Virginia,54,616.0,535723.0,114.98479624731438,7.2,18.0,0.55,2014,0
2013,West Virginia,54,572.0,529638.0,107.99829317382816,6.7,18.4,0.55,2014,0
2014,West Virginia,54,593.0,522404.0,113.5136790683073,6.5,18.3,0.55,2014,1
2015,West Virginia,54,552.0,516618.0,106.84877414259665,6.5,18.0,0.55,2014,1
2016,West Virginia,54,620.0,509049.0,121.79574068508138,6.1,17.9,0.55,2014,1
2017,West Virginia,54,598.0,501021.0,119.35627448749653,5.2,18.5,1.2,2014,1
2018,West Virginia,54,660.0,492823.0,133.9223209955704,5.1,17.4,1.2,2014,1
2019,West Virginia,54,595.0,483977.0,122.93972647460521,4.9,16.2,1.2,2014,1
1999,Wisconsin,55,1170.0,1160072.0,100.85580894978932,3.1,8.4,0.59,3000,0
2000,Wisconsin,55,1195.0,1190047.0,100.41620204916276,3.4,8.1,0.59,3000,0
2001,Wisconsin,55,1200.0,1238557.0,96.88694182019883,4.4,8.1,0.59,3000,0
2002,Wisconsin,55,1160.0,1281357.0,90.52902508824629,5.3,8.5,0.77,3000,0
2003,Wisconsin,55,1120.0,1323561.0,84.62020262005302,5.6,8.9,0.77,3000,0
2004,Wisconsin,55,1069.0,1366856.0,78.20867743200455,5.0,10.9,0.77,3000,0
2005,Wisconsin,55,1126.0,1411604.0,79.76741352390613,4.7,10.2,0.77,3000,0
2006,Wisconsin,55,1067.0,1453878.0,73.38992680266158,4.7,10.9,0.77,3000,0
2007,Wisconsin,55,1175.0,1490745.0,78.81965057739586,4.8,10.8,0.77,3000,0
2008,Wisconsin,55,1185.0,1521168.0,77.90066580417154,4.9,10.5,1.77,3000,0
2009,Wisconsin,55,1160.0,1552350.0,74.72541630431282,8.8,12.4,1.77,3000,0
2010,Wisconsin,55,1146.0,1573564.0,72.82830568060784,8.4,13.2,2.52,3000,0
2011,Wisconsin,55,1201.0,1597174.0,75.195313722863,7.5,13.1,2.52,3000,0
2012,Wisconsin,55,1259.0,1596705.0,78.84988147466188,6.9,13.2,2.52,3000,0
2013,Wisconsin,55,1220.0,1599395.0,76.27884293748575,6.7,13.5,2.52,3000,0
2014,Wisconsin,55,1153.0,1596915.0,72.20171392967065,5.3,13.2,2.52,3000,0
2015,Wisconsin,55,1175.0,1594455.0,73.69289192859002,4.4,12.1,2.52,3000,0
2016,Wisconsin,55,1192.0,1586257.0,75.14545247081652,3.9,11.8,2.52,3000,0
2017,Wisconsin,55,1176.0,1575573.0,74.63951210131171,3.3,11.3,2.52,3000,0
2018,Wisconsin,55,1157.0,1558134.0,74.25548765382182,3.0,11.1,2.52,3000,0
2019,Wisconsin,55,1175.0,1538227.0,76.38664514405221,3.2,10.4,2.52,3000,0
1999,Wyoming,56,104.0,114768.0,90.61759375435662,4.7,11.2,0.12,3000,0
2000,Wyoming,56,112.0,118669.0,94.3801666821158,3.8,10.4,0.12,3000,0
2001,Wyoming,56,124.0,123647.0,100.28549014533309,3.9,10.5,0.12,3000,0
2002,Wyoming,56,97.0,128760.0,75.33395464429947,4.1,10.6,0.12,3000,0
2003,Wyoming,56,124.0,133209.0,93.08680344421172,4.3,10.8,0.12,3000,0
2004,Wyoming,56,121.0,137360.0,88.08969132207339,3.8,10.3,0.6,3000,0
2005,Wyoming,56,117.0,141483.0,82.69544750959479,3.6,10.6,0.6,3000,0
2006,Wyoming,56,104.0,145841.0,71.31053681749302,3.1,10.3,0.6,3000,0
2007,Wyoming,56,143.0,149756.0,95.4886615561313,2.7,9.5,0.6,3000,0
2008,Wyoming,56,134.0,152645.0,87.7853843886141,3.0,9.5,0.6,3000,0
2009,Wyoming,56,112.0,155539.0,72.0076636727766,6.3,10.2,0.6,3000,0
2010,Wyoming,56,126.0,157090.0,80.20879750461519,6.9,11.4,0.6,3000,0
2011,Wyoming,56,133.0,158056.0,84.1473907981981,6.1,11.3,0.6,3000,0
2012,Wyoming,56,128.0,157903.0,81.06242439978975,5.4,11.9,0.6,3000,0
2013,Wyoming,56,118.0,156669.0,75.31802717831863,4.7,10.9,0.6,3000,0
2014,Wyoming,56,142.0,154191.0,92.09357225778417,4.4,11.2,0.6,3000,0
2015,Wyoming,56,122.0,152358.0,80.07456123078539,4.2,10.6,0.6,3000,0
2016,Wyoming,56,127.0,150318.0,84.48755305419178,5.3,10.9,0.6,3000,0
2017,Wyoming,56,111.0,147553.0,75.22720649529322,4.3,10.8,0.6,3000,0
2018,Wyoming,56,116.0,144729.0,80.14979720719414,4.1,10.7,0.6,3000,0
2019,Wyoming,56,100.0,142607.0,70.12278499652892,3.7,9.9,0.6,3000,0
